/*
 Navicat Premium Data Transfer

 Source Server         : MySQL
 Source Server Type    : MySQL
 Source Server Version : 50729
 Source Host           : localhost:3306
 Source Schema         : guli_edu

 Target Server Type    : MySQL
 Target Server Version : 50729
 File Encoding         : 65001

 Date: 14/08/2021 15:04:05
*/

SET NAMES utf8mb4;
SET FOREIGN_KEY_CHECKS = 0;

-- ----------------------------
-- Table structure for acl_permission
-- ----------------------------
DROP TABLE IF EXISTS `acl_permission`;
CREATE TABLE `acl_permission`  (
  `id` char(19) CHARACTER SET utf8mb4 COLLATE utf8mb4_general_ci NOT NULL DEFAULT '' COMMENT '编号',
  `pid` char(19) CHARACTER SET utf8mb4 COLLATE utf8mb4_general_ci NOT NULL DEFAULT '' COMMENT '所属上级',
  `name` varchar(20) CHARACTER SET utf8mb4 COLLATE utf8mb4_general_ci NOT NULL DEFAULT '' COMMENT '名称',
  `type` tinyint(3) NOT NULL DEFAULT 0 COMMENT '类型(1:菜单,2:按钮)',
  `permission_value` varchar(50) CHARACTER SET utf8mb4 COLLATE utf8mb4_general_ci NULL DEFAULT NULL COMMENT '权限值',
  `path` varchar(100) CHARACTER SET utf8mb4 COLLATE utf8mb4_general_ci NULL DEFAULT NULL COMMENT '访问路径',
  `component` varchar(100) CHARACTER SET utf8mb4 COLLATE utf8mb4_general_ci NULL DEFAULT NULL COMMENT '组件路径',
  `icon` varchar(50) CHARACTER SET utf8mb4 COLLATE utf8mb4_general_ci NULL DEFAULT NULL COMMENT '图标',
  `status` tinyint(4) NULL DEFAULT NULL COMMENT '状态(0:禁止,1:正常)',
  `is_deleted` tinyint(1) UNSIGNED NOT NULL DEFAULT 0 COMMENT '逻辑删除 1（true）已删除， 0（false）未删除',
  `gmt_create` datetime NULL DEFAULT CURRENT_TIMESTAMP COMMENT '创建时间',
  `gmt_modified` datetime NULL DEFAULT CURRENT_TIMESTAMP ON UPDATE CURRENT_TIMESTAMP COMMENT '更新时间',
  PRIMARY KEY (`id`) USING BTREE,
  INDEX `idx_pid`(`pid`) USING BTREE
) ENGINE = InnoDB CHARACTER SET = utf8mb4 COLLATE = utf8mb4_general_ci COMMENT = '权限' ROW_FORMAT = Dynamic;

-- ----------------------------
-- Records of acl_permission
-- ----------------------------
INSERT INTO `acl_permission` VALUES ('1', '0', '全部数据', 0, '', '', '', '', NULL, 0, '2019-11-15 17:13:06', '2021-08-12 22:49:33');
INSERT INTO `acl_permission` VALUES ('111', '11', '', 0, NULL, NULL, NULL, NULL, NULL, 1, NULL, '2021-08-12 22:50:05');
INSERT INTO `acl_permission` VALUES ('1111', '111', '', 0, NULL, NULL, NULL, NULL, NULL, 1, NULL, '2021-08-12 22:50:05');
INSERT INTO `acl_permission` VALUES ('11111', '1111', '', 0, NULL, NULL, NULL, NULL, NULL, 1, NULL, '2021-08-12 22:50:05');
INSERT INTO `acl_permission` VALUES ('1195268474480156673', '1', '权限管理', 1, NULL, '/acl', 'Layout', NULL, NULL, 0, '2019-11-15 17:13:06', '2021-08-12 22:49:33');
INSERT INTO `acl_permission` VALUES ('1195268616021139457', '1195268474480156673', '用户管理', 1, NULL, 'user/list', '/acl/user/list', NULL, NULL, 0, '2019-11-15 17:13:40', '2021-08-12 22:49:33');
INSERT INTO `acl_permission` VALUES ('1195268788138598401', '1195268474480156673', '角色管理', 1, NULL, 'role/list', '/acl/role/list', NULL, NULL, 0, '2019-11-15 17:14:21', '2021-08-12 22:49:33');
INSERT INTO `acl_permission` VALUES ('1195268893830864898', '1195268474480156673', '菜单管理', 1, NULL, 'menu/list', '/acl/menu/list', NULL, NULL, 0, '2019-11-15 17:14:46', '2021-08-12 22:49:33');
INSERT INTO `acl_permission` VALUES ('1195269143060602882', '1195268616021139457', '查看', 2, 'user.list', '', '', NULL, NULL, 0, '2019-11-15 17:15:45', '2021-08-12 22:49:33');
INSERT INTO `acl_permission` VALUES ('1195269295926206466', '1195268616021139457', '添加', 2, 'user.add', 'user/add', '/acl/user/form', NULL, NULL, 0, '2019-11-15 17:16:22', '2021-08-12 22:49:33');
INSERT INTO `acl_permission` VALUES ('1195269473479483394', '1195268616021139457', '修改', 2, 'user.update', 'user/update/:id', '/acl/user/form', NULL, NULL, 0, '2019-11-15 17:17:04', '2021-08-12 22:49:33');
INSERT INTO `acl_permission` VALUES ('1195269547269873666', '1195268616021139457', '删除', 2, 'user.remove', '', '', NULL, NULL, 0, '2019-11-15 17:17:22', '2021-08-12 22:49:33');
INSERT INTO `acl_permission` VALUES ('1195269821262782465', '1195268788138598401', '修改', 2, 'role.update', 'role/update/:id', '/acl/role/form', NULL, NULL, 0, '2019-11-15 17:18:27', '2021-08-12 22:49:33');
INSERT INTO `acl_permission` VALUES ('1195269903542444034', '1195268788138598401', '查看', 2, 'role.list', '', '', NULL, NULL, 0, '2019-11-15 17:18:47', '2021-08-12 22:49:33');
INSERT INTO `acl_permission` VALUES ('1195270037005197313', '1195268788138598401', '添加', 2, 'role.add', 'role/add', '/acl/role/form', NULL, NULL, 0, '2019-11-15 17:19:19', '2021-08-12 22:49:33');
INSERT INTO `acl_permission` VALUES ('1195270442602782721', '1195268788138598401', '删除', 2, 'role.remove', '', '', NULL, NULL, 0, '2019-11-15 17:20:55', '2021-08-12 22:49:33');
INSERT INTO `acl_permission` VALUES ('1195270621548568578', '1195268788138598401', '角色权限', 2, 'role.acl', 'role/distribution/:id', '/acl/role/roleForm', NULL, NULL, 0, '2019-11-15 17:21:38', '2021-08-12 22:49:33');
INSERT INTO `acl_permission` VALUES ('1195270744097742849', '1195268893830864898', '查看', 2, 'permission.list', '', '', NULL, NULL, 0, '2019-11-15 17:22:07', '2021-08-12 22:49:33');
INSERT INTO `acl_permission` VALUES ('1195270810560684034', '1195268893830864898', '添加', 2, 'permission.add', '', '', NULL, NULL, 0, '2019-11-15 17:22:23', '2021-08-12 22:49:33');
INSERT INTO `acl_permission` VALUES ('1195270862100291586', '1195268893830864898', '修改', 2, 'permission.update', '', '', NULL, NULL, 0, '2019-11-15 17:22:35', '2021-08-12 22:49:33');
INSERT INTO `acl_permission` VALUES ('1195270887933009922', '1195268893830864898', '删除', 2, 'permission.remove', '', '', NULL, NULL, 0, '2019-11-15 17:22:41', '2021-08-12 22:49:33');
INSERT INTO `acl_permission` VALUES ('1195349439240048642', '1', '讲师管理', 1, '', '/teacher', 'Layout', NULL, NULL, 0, '2019-11-15 22:34:49', '2021-08-12 22:49:33');
INSERT INTO `acl_permission` VALUES ('1195349699995734017', '1195349439240048642', '讲师列表', 1, NULL, 'table', '/edu/teacher/list', NULL, NULL, 0, '2019-11-15 22:35:52', '2021-08-12 22:49:33');
INSERT INTO `acl_permission` VALUES ('1195349810561781761', '1195349439240048642', '添加讲师', 1, NULL, 'save', '/edu/teacher/save', NULL, NULL, 0, '2019-11-15 22:36:18', '2021-08-12 22:49:33');
INSERT INTO `acl_permission` VALUES ('1195349876252971010', '1195349810561781761', '添加', 2, 'teacher.add', '', '', NULL, NULL, 0, '2019-11-15 22:36:34', '2021-08-12 22:49:33');
INSERT INTO `acl_permission` VALUES ('1195349979797753857', '1195349699995734017', '查看', 2, 'teacher.list', '', '', NULL, NULL, 0, '2019-11-15 22:36:58', '2021-08-12 22:49:33');
INSERT INTO `acl_permission` VALUES ('1195350117270261762', '1195349699995734017', '修改', 2, 'teacher.update', 'edit/:id', '/edu/teacher/save', NULL, NULL, 0, '2019-11-15 22:37:31', '2021-08-12 22:49:33');
INSERT INTO `acl_permission` VALUES ('1195350188359520258', '1195349699995734017', '删除', 2, 'teacher.remove', '', '', NULL, NULL, 0, '2019-11-15 22:37:48', '2021-08-12 22:49:33');
INSERT INTO `acl_permission` VALUES ('1195350299365969922', '1', '课程分类', 1, NULL, '/subject', 'Layout', NULL, NULL, 0, '2019-11-15 22:38:15', '2021-08-12 22:49:33');
INSERT INTO `acl_permission` VALUES ('1195350397751758850', '1195350299365969922', '课程分类列表', 1, NULL, 'list', '/edu/subject/list', NULL, NULL, 0, '2019-11-15 22:38:38', '2021-08-12 22:49:33');
INSERT INTO `acl_permission` VALUES ('1195350500512206850', '1195350299365969922', '导入课程分类', 1, NULL, 'save', '/edu/subject/save', NULL, NULL, 0, '2019-11-15 22:39:03', '2021-08-12 22:49:33');
INSERT INTO `acl_permission` VALUES ('1195350612172967938', '1195350397751758850', '查看', 2, 'subject.list', '', '', NULL, NULL, 0, '2019-11-15 22:39:29', '2021-08-12 22:49:33');
INSERT INTO `acl_permission` VALUES ('1195350687590748161', '1195350500512206850', '导入', 2, 'subject.import', '', '', NULL, NULL, 0, '2019-11-15 22:39:47', '2021-08-12 22:49:33');
INSERT INTO `acl_permission` VALUES ('1195350831744782337', '1', '课程管理', 1, NULL, '/course', 'Layout', NULL, NULL, 0, '2019-11-15 22:40:21', '2021-08-12 22:49:33');
INSERT INTO `acl_permission` VALUES ('1195350919074385921', '1195350831744782337', '课程列表', 1, NULL, 'list', '/edu/course/list', NULL, NULL, 0, '2019-11-15 22:40:42', '2021-08-12 22:49:33');
INSERT INTO `acl_permission` VALUES ('1195351020463296513', '1195350831744782337', '发布课程', 1, NULL, 'info', '/edu/course/info', NULL, NULL, 0, '2019-11-15 22:41:06', '2021-08-12 22:49:33');
INSERT INTO `acl_permission` VALUES ('1195351159672246274', '1195350919074385921', '完成发布', 2, 'course.publish', 'publish/:id', '/edu/course/publish', NULL, NULL, 0, '2019-11-15 22:41:40', '2021-08-12 22:49:33');
INSERT INTO `acl_permission` VALUES ('1195351326706208770', '1195350919074385921', '编辑课程', 2, 'course.update', 'info/:id', '/edu/course/info', NULL, NULL, 0, '2019-11-15 22:42:19', '2021-08-12 22:49:33');
INSERT INTO `acl_permission` VALUES ('1195351566221938690', '1195350919074385921', '编辑课程大纲', 2, 'chapter.update', 'chapter/:id', '/edu/course/chapter', NULL, NULL, 0, '2019-11-15 22:43:17', '2021-08-12 22:49:33');
INSERT INTO `acl_permission` VALUES ('1195351862889254913', '1', '统计分析', 1, NULL, '/sta', 'Layout', NULL, NULL, 0, '2019-11-15 22:44:27', '2021-08-12 22:49:33');
INSERT INTO `acl_permission` VALUES ('1195351968841568257', '1195351862889254913', '生成统计', 1, NULL, 'create', '/sta/create', NULL, NULL, 0, '2019-11-15 22:44:53', '2021-08-12 22:49:33');
INSERT INTO `acl_permission` VALUES ('1195352054917074946', '1195351862889254913', '统计图表', 1, NULL, 'show', '/sta/show', NULL, NULL, 0, '2019-11-15 22:45:13', '2021-08-12 22:49:33');
INSERT INTO `acl_permission` VALUES ('1195352127734386690', '1195352054917074946', '查看', 2, 'daily.list', '', '', NULL, NULL, 0, '2019-11-15 22:45:30', '2021-08-12 22:49:33');
INSERT INTO `acl_permission` VALUES ('1195352215768633346', '1195351968841568257', '生成', 2, 'daily.add', '', '', NULL, NULL, 0, '2019-11-15 22:45:51', '2021-08-12 22:49:33');
INSERT INTO `acl_permission` VALUES ('1195352547621965825', '1', 'CMS管理', 1, NULL, '/cms', 'Layout', NULL, NULL, 0, '2019-11-15 22:47:11', '2021-08-12 22:49:33');
INSERT INTO `acl_permission` VALUES ('1195352856645701633', '1195353513549205505', '查看', 2, 'banner.list', '', NULL, NULL, NULL, 0, '2019-11-15 22:48:24', '2021-08-12 22:49:33');
INSERT INTO `acl_permission` VALUES ('1195352909401657346', '1195353513549205505', '添加', 2, 'banner.add', 'banner/add', '/cms/banner/form', NULL, NULL, 0, '2019-11-15 22:48:37', '2021-08-12 22:49:33');
INSERT INTO `acl_permission` VALUES ('1195353051395624961', '1195353513549205505', '修改', 2, 'banner.update', 'banner/update/:id', '/cms/banner/form', NULL, NULL, 0, '2019-11-15 22:49:11', '2021-08-12 22:49:33');
INSERT INTO `acl_permission` VALUES ('1195353513549205505', '1195352547621965825', 'Bander列表', 1, NULL, 'banner/list', '/cms/banner/list', NULL, NULL, 0, '2019-11-15 22:51:01', '2021-08-12 22:49:33');
INSERT INTO `acl_permission` VALUES ('1195353672110673921', '1195353513549205505', '删除', 2, 'banner.remove', '', '', NULL, NULL, 0, '2019-11-15 22:51:39', '2021-08-12 22:49:33');
INSERT INTO `acl_permission` VALUES ('1195354076890370050', '1', '订单管理', 1, NULL, '/order', 'Layout', NULL, NULL, 0, '2019-11-15 22:53:15', '2021-08-12 22:49:23');
INSERT INTO `acl_permission` VALUES ('1195354153482555393', '1195354076890370050', '订单列表', 1, NULL, 'list', '/order/list', NULL, NULL, 0, '2019-11-15 22:53:33', '2021-08-12 22:49:33');
INSERT INTO `acl_permission` VALUES ('1195354315093282817', '1195354153482555393', '查看', 2, 'order.list', '', '', NULL, NULL, 0, '2019-11-15 22:54:12', '2021-08-12 22:49:33');
INSERT INTO `acl_permission` VALUES ('1196301740985311234', '1195268616021139457', '分配角色', 2, 'user.assgin', 'user/role/:id', '/acl/user/roleForm', NULL, NULL, 0, '2019-11-18 13:38:56', '2021-08-12 22:49:33');

-- ----------------------------
-- Table structure for acl_role
-- ----------------------------
DROP TABLE IF EXISTS `acl_role`;
CREATE TABLE `acl_role`  (
  `id` char(19) CHARACTER SET utf8 COLLATE utf8_general_ci NOT NULL DEFAULT '' COMMENT '角色id',
  `role_name` varchar(20) CHARACTER SET utf8 COLLATE utf8_general_ci NOT NULL DEFAULT '' COMMENT '角色名称',
  `role_code` varchar(20) CHARACTER SET utf8 COLLATE utf8_general_ci NULL DEFAULT NULL COMMENT '角色编码',
  `remark` varchar(255) CHARACTER SET utf8 COLLATE utf8_general_ci NULL DEFAULT NULL COMMENT '备注',
  `is_deleted` tinyint(1) UNSIGNED NOT NULL DEFAULT 0 COMMENT '逻辑删除 1（true）已删除， 0（false）未删除',
  `gmt_create` datetime NOT NULL DEFAULT CURRENT_TIMESTAMP COMMENT '创建时间',
  `gmt_modified` datetime NOT NULL DEFAULT CURRENT_TIMESTAMP ON UPDATE CURRENT_TIMESTAMP COMMENT '更新时间',
  PRIMARY KEY (`id`) USING BTREE
) ENGINE = InnoDB CHARACTER SET = utf8 COLLATE = utf8_general_ci COMMENT = '角色表' ROW_FORMAT = Dynamic;

-- ----------------------------
-- Records of acl_role
-- ----------------------------
INSERT INTO `acl_role` VALUES ('1', '超级管理员', NULL, NULL, 0, '2019-11-11 13:09:32', '2020-08-21 11:59:37');
INSERT INTO `acl_role` VALUES ('1193757683205607426', '课程管理员', NULL, NULL, 0, '2019-11-11 13:09:45', '2019-11-18 10:25:44');
INSERT INTO `acl_role` VALUES ('1296656642959503361', '讲师管理员', NULL, NULL, 0, '2020-08-21 11:53:29', '2020-08-21 11:59:51');
INSERT INTO `acl_role` VALUES ('1296658571068469249', '普通管理员', NULL, NULL, 0, '2020-08-21 12:01:09', '2020-08-21 12:01:09');

-- ----------------------------
-- Table structure for acl_role_permission
-- ----------------------------
DROP TABLE IF EXISTS `acl_role_permission`;
CREATE TABLE `acl_role_permission`  (
  `id` char(19) CHARACTER SET utf8 COLLATE utf8_general_ci NOT NULL DEFAULT '',
  `role_id` char(19) CHARACTER SET utf8 COLLATE utf8_general_ci NOT NULL DEFAULT '',
  `permission_id` char(19) CHARACTER SET utf8 COLLATE utf8_general_ci NOT NULL DEFAULT '',
  `is_deleted` tinyint(1) UNSIGNED NOT NULL DEFAULT 0 COMMENT '逻辑删除 1（true）已删除， 0（false）未删除',
  `gmt_create` datetime NOT NULL DEFAULT CURRENT_TIMESTAMP COMMENT '创建时间',
  `gmt_modified` datetime NOT NULL DEFAULT CURRENT_TIMESTAMP ON UPDATE CURRENT_TIMESTAMP COMMENT '更新时间',
  PRIMARY KEY (`id`) USING BTREE,
  INDEX `idx_role_id`(`role_id`) USING BTREE,
  INDEX `idx_permission_id`(`permission_id`) USING BTREE
) ENGINE = InnoDB CHARACTER SET = utf8 COLLATE = utf8_general_ci COMMENT = '角色与权限关联表' ROW_FORMAT = Dynamic;

-- ----------------------------
-- Records of acl_role_permission
-- ----------------------------
INSERT INTO `acl_role_permission` VALUES ('1196312702601695234', '1', '1', 0, '2019-11-18 14:22:29', '2019-11-18 14:22:29');
INSERT INTO `acl_role_permission` VALUES ('1196312702652026881', '1', '1195268474480156673', 0, '2019-11-18 14:22:29', '2019-11-18 14:22:29');
INSERT INTO `acl_role_permission` VALUES ('1196312702668804098', '1', '1195268616021139457', 0, '2019-11-18 14:22:29', '2019-11-18 14:22:29');
INSERT INTO `acl_role_permission` VALUES ('1196312702698164226', '1', '1195269143060602882', 0, '2019-11-18 14:22:29', '2019-11-18 14:22:29');
INSERT INTO `acl_role_permission` VALUES ('1196312702723330049', '1', '1195269295926206466', 0, '2019-11-18 14:22:29', '2019-11-18 14:22:29');
INSERT INTO `acl_role_permission` VALUES ('1196312702744301569', '1', '1195269473479483394', 0, '2019-11-18 14:22:29', '2019-11-18 14:22:29');
INSERT INTO `acl_role_permission` VALUES ('1196312702765273089', '1', '1195269547269873666', 0, '2019-11-18 14:22:29', '2019-11-18 14:22:29');
INSERT INTO `acl_role_permission` VALUES ('1196312702790438913', '1', '1196301740985311234', 0, '2019-11-18 14:22:29', '2019-11-18 14:22:29');
INSERT INTO `acl_role_permission` VALUES ('1196312702945628161', '1', '1195268788138598401', 0, '2019-11-18 14:22:29', '2019-11-18 14:22:29');
INSERT INTO `acl_role_permission` VALUES ('1196312702970793985', '1', '1195269821262782465', 0, '2019-11-18 14:22:29', '2019-11-18 14:22:29');
INSERT INTO `acl_role_permission` VALUES ('1196312703000154114', '1', '1195269903542444034', 0, '2019-11-18 14:22:29', '2019-11-18 14:22:29');
INSERT INTO `acl_role_permission` VALUES ('1196312703025319938', '1', '1195270037005197313', 0, '2019-11-18 14:22:29', '2019-11-18 14:22:29');
INSERT INTO `acl_role_permission` VALUES ('1196312703046291458', '1', '1195270442602782721', 0, '2019-11-18 14:22:29', '2019-11-18 14:22:29');
INSERT INTO `acl_role_permission` VALUES ('1196312703063068673', '1', '1195270621548568578', 0, '2019-11-18 14:22:29', '2019-11-18 14:22:29');
INSERT INTO `acl_role_permission` VALUES ('1196312703084040193', '1', '1195268893830864898', 0, '2019-11-18 14:22:29', '2019-11-18 14:22:29');
INSERT INTO `acl_role_permission` VALUES ('1196312703113400321', '1', '1195270744097742849', 0, '2019-11-18 14:22:29', '2019-11-18 14:22:29');
INSERT INTO `acl_role_permission` VALUES ('1196312703134371842', '1', '1195270810560684034', 0, '2019-11-18 14:22:30', '2019-11-18 14:22:30');
INSERT INTO `acl_role_permission` VALUES ('1196312703159537665', '1', '1195270862100291586', 0, '2019-11-18 14:22:30', '2019-11-18 14:22:30');
INSERT INTO `acl_role_permission` VALUES ('1196312703184703490', '1', '1195270887933009922', 0, '2019-11-18 14:22:30', '2019-11-18 14:22:30');
INSERT INTO `acl_role_permission` VALUES ('1196312703209869313', '1', '1195349439240048642', 0, '2019-11-18 14:22:30', '2019-11-18 14:22:30');
INSERT INTO `acl_role_permission` VALUES ('1196312703230840834', '1', '1195349699995734017', 0, '2019-11-18 14:22:30', '2019-11-18 14:22:30');
INSERT INTO `acl_role_permission` VALUES ('1196312703251812354', '1', '1195349979797753857', 0, '2019-11-18 14:22:30', '2019-11-18 14:22:30');
INSERT INTO `acl_role_permission` VALUES ('1196312703272783873', '1', '1195350117270261762', 0, '2019-11-18 14:22:30', '2019-11-18 14:22:30');
INSERT INTO `acl_role_permission` VALUES ('1196312703293755394', '1', '1195350188359520258', 0, '2019-11-18 14:22:30', '2019-11-18 14:22:30');
INSERT INTO `acl_role_permission` VALUES ('1196312703327309826', '1', '1195349810561781761', 0, '2019-11-18 14:22:30', '2019-11-18 14:22:30');
INSERT INTO `acl_role_permission` VALUES ('1196312703348281345', '1', '1195349876252971010', 0, '2019-11-18 14:22:30', '2019-11-18 14:22:30');
INSERT INTO `acl_role_permission` VALUES ('1196312703365058561', '1', '1195350299365969922', 0, '2019-11-18 14:22:30', '2019-11-18 14:22:30');
INSERT INTO `acl_role_permission` VALUES ('1196312703386030082', '1', '1195350397751758850', 0, '2019-11-18 14:22:30', '2019-11-18 14:22:30');
INSERT INTO `acl_role_permission` VALUES ('1196312703440556034', '1', '1195350612172967938', 0, '2019-11-18 14:22:30', '2019-11-18 14:22:30');
INSERT INTO `acl_role_permission` VALUES ('1196312703486693378', '1', '1195350500512206850', 0, '2019-11-18 14:22:30', '2019-11-18 14:22:30');
INSERT INTO `acl_role_permission` VALUES ('1196312703511859202', '1', '1195350687590748161', 0, '2019-11-18 14:22:30', '2019-11-18 14:22:30');
INSERT INTO `acl_role_permission` VALUES ('1196312703654465537', '1', '1195350831744782337', 0, '2019-11-18 14:22:30', '2019-11-18 14:22:30');
INSERT INTO `acl_role_permission` VALUES ('1196312703683825665', '1', '1195350919074385921', 0, '2019-11-18 14:22:30', '2019-11-18 14:22:30');
INSERT INTO `acl_role_permission` VALUES ('1196312703700602882', '1', '1195351159672246274', 0, '2019-11-18 14:22:30', '2019-11-18 14:22:30');
INSERT INTO `acl_role_permission` VALUES ('1196312703717380098', '1', '1195351326706208770', 0, '2019-11-18 14:22:30', '2019-11-18 14:22:30');
INSERT INTO `acl_role_permission` VALUES ('1196312703738351618', '1', '1195351566221938690', 0, '2019-11-18 14:22:30', '2019-11-18 14:22:30');
INSERT INTO `acl_role_permission` VALUES ('1196312703759323137', '1', '1195351020463296513', 0, '2019-11-18 14:22:30', '2019-11-18 14:22:30');
INSERT INTO `acl_role_permission` VALUES ('1196312703776100353', '1', '1195351862889254913', 0, '2019-11-18 14:22:30', '2019-11-18 14:22:30');
INSERT INTO `acl_role_permission` VALUES ('1196312703792877570', '1', '1195351968841568257', 0, '2019-11-18 14:22:30', '2019-11-18 14:22:30');
INSERT INTO `acl_role_permission` VALUES ('1196312703830626305', '1', '1195352215768633346', 0, '2019-11-18 14:22:30', '2019-11-18 14:22:30');
INSERT INTO `acl_role_permission` VALUES ('1196312703843209217', '1', '1195352054917074946', 0, '2019-11-18 14:22:30', '2019-11-18 14:22:30');
INSERT INTO `acl_role_permission` VALUES ('1196312703868375041', '1', '1195352127734386690', 0, '2019-11-18 14:22:30', '2019-11-18 14:22:30');
INSERT INTO `acl_role_permission` VALUES ('1196312703889346561', '1', '1195352547621965825', 0, '2019-11-18 14:22:30', '2019-11-18 14:22:30');
INSERT INTO `acl_role_permission` VALUES ('1196312703901929473', '1', '1195353513549205505', 0, '2019-11-18 14:22:30', '2019-11-18 14:22:30');
INSERT INTO `acl_role_permission` VALUES ('1196312703918706689', '1', '1195352856645701633', 0, '2019-11-18 14:22:30', '2019-11-18 14:22:30');
INSERT INTO `acl_role_permission` VALUES ('1196312703952261121', '1', '1195352909401657346', 0, '2019-11-18 14:22:30', '2019-11-18 14:22:30');
INSERT INTO `acl_role_permission` VALUES ('1196312703973232642', '1', '1195353051395624961', 0, '2019-11-18 14:22:30', '2019-11-18 14:22:30');
INSERT INTO `acl_role_permission` VALUES ('1196312703990009857', '1', '1195353672110673921', 0, '2019-11-18 14:22:30', '2019-11-18 14:22:30');
INSERT INTO `acl_role_permission` VALUES ('1196312704048730114', '1', '1195354076890370050', 0, '2019-11-18 14:22:30', '2019-11-18 14:22:30');
INSERT INTO `acl_role_permission` VALUES ('1196312704069701633', '1', '1195354153482555393', 0, '2019-11-18 14:22:30', '2019-11-18 14:22:30');
INSERT INTO `acl_role_permission` VALUES ('1196312704094867457', '1', '1195354315093282817', 0, '2019-11-18 14:22:30', '2019-11-18 14:22:30');
INSERT INTO `acl_role_permission` VALUES ('1296342198312292353', '1296341621322825729', '1195268474480156673', 0, '2020-08-20 15:04:00', '2020-08-20 15:04:00');
INSERT INTO `acl_role_permission` VALUES ('1296342198333263873', '1296341621322825729', '1195268616021139457', 0, '2020-08-20 15:04:00', '2020-08-20 15:04:00');
INSERT INTO `acl_role_permission` VALUES ('1296342198333263874', '1296341621322825729', '1195269143060602882', 0, '2020-08-20 15:04:00', '2020-08-20 15:04:00');
INSERT INTO `acl_role_permission` VALUES ('1296342198333263875', '1296341621322825729', '1195269295926206466', 0, '2020-08-20 15:04:00', '2020-08-20 15:04:00');
INSERT INTO `acl_role_permission` VALUES ('1296342198341652482', '1296341621322825729', '1195269473479483394', 0, '2020-08-20 15:04:00', '2020-08-20 15:04:00');
INSERT INTO `acl_role_permission` VALUES ('1296342198341652483', '1296341621322825729', '1195269547269873666', 0, '2020-08-20 15:04:00', '2020-08-20 15:04:00');
INSERT INTO `acl_role_permission` VALUES ('1296342198341652484', '1296341621322825729', '1196301740985311234', 0, '2020-08-20 15:04:00', '2020-08-20 15:04:00');
INSERT INTO `acl_role_permission` VALUES ('1296342198341652485', '1296341621322825729', '1195268788138598401', 0, '2020-08-20 15:04:00', '2020-08-20 15:04:00');
INSERT INTO `acl_role_permission` VALUES ('1296342198350041090', '1296341621322825729', '1195269821262782465', 0, '2020-08-20 15:04:00', '2020-08-20 15:04:00');
INSERT INTO `acl_role_permission` VALUES ('1296342198350041091', '1296341621322825729', '1195269903542444034', 0, '2020-08-20 15:04:00', '2020-08-20 15:04:00');
INSERT INTO `acl_role_permission` VALUES ('1296342198354235393', '1296341621322825729', '1195270037005197313', 0, '2020-08-20 15:04:00', '2020-08-20 15:04:00');
INSERT INTO `acl_role_permission` VALUES ('1296342198354235394', '1296341621322825729', '1195270442602782721', 0, '2020-08-20 15:04:00', '2020-08-20 15:04:00');
INSERT INTO `acl_role_permission` VALUES ('1296342198358429698', '1296341621322825729', '1195270621548568578', 0, '2020-08-20 15:04:00', '2020-08-20 15:04:00');
INSERT INTO `acl_role_permission` VALUES ('1296342198358429699', '1296341621322825729', '1195268893830864898', 0, '2020-08-20 15:04:00', '2020-08-20 15:04:00');
INSERT INTO `acl_role_permission` VALUES ('1296342198358429700', '1296341621322825729', '1195270744097742849', 0, '2020-08-20 15:04:00', '2020-08-20 15:04:00');
INSERT INTO `acl_role_permission` VALUES ('1296342198358429701', '1296341621322825729', '1195270810560684034', 0, '2020-08-20 15:04:00', '2020-08-20 15:04:00');
INSERT INTO `acl_role_permission` VALUES ('1296342198366818305', '1296341621322825729', '1195270862100291586', 0, '2020-08-20 15:04:00', '2020-08-20 15:04:00');
INSERT INTO `acl_role_permission` VALUES ('1296342198366818306', '1296341621322825729', '1195270887933009922', 0, '2020-08-20 15:04:00', '2020-08-20 15:04:00');
INSERT INTO `acl_role_permission` VALUES ('1296656752510529537', '1296656642959503361', '1195350299365969922', 0, '2020-08-21 11:53:55', '2020-08-21 11:53:55');
INSERT INTO `acl_role_permission` VALUES ('1296656752523112449', '1296656642959503361', '1195350397751758850', 0, '2020-08-21 11:53:55', '2020-08-21 11:53:55');
INSERT INTO `acl_role_permission` VALUES ('1296656752523112450', '1296656642959503361', '1195350612172967938', 0, '2020-08-21 11:53:55', '2020-08-21 11:53:55');
INSERT INTO `acl_role_permission` VALUES ('1296656752523112451', '1296656642959503361', '1195350500512206850', 0, '2020-08-21 11:53:55', '2020-08-21 11:53:55');
INSERT INTO `acl_role_permission` VALUES ('1296656752527306754', '1296656642959503361', '1195350687590748161', 0, '2020-08-21 11:53:55', '2020-08-21 11:53:55');
INSERT INTO `acl_role_permission` VALUES ('1296656752527306755', '1296656642959503361', '1195350831744782337', 0, '2020-08-21 11:53:55', '2020-08-21 11:53:55');
INSERT INTO `acl_role_permission` VALUES ('1296656752527306756', '1296656642959503361', '1195350919074385921', 0, '2020-08-21 11:53:55', '2020-08-21 11:53:55');
INSERT INTO `acl_role_permission` VALUES ('1296656752531501058', '1296656642959503361', '1195351159672246274', 0, '2020-08-21 11:53:55', '2020-08-21 11:53:55');
INSERT INTO `acl_role_permission` VALUES ('1296656752535695362', '1296656642959503361', '1195351326706208770', 0, '2020-08-21 11:53:55', '2020-08-21 11:53:55');
INSERT INTO `acl_role_permission` VALUES ('1296656752535695363', '1296656642959503361', '1195351566221938690', 0, '2020-08-21 11:53:55', '2020-08-21 11:53:55');
INSERT INTO `acl_role_permission` VALUES ('1296656752535695364', '1296656642959503361', '1195351020463296513', 0, '2020-08-21 11:53:55', '2020-08-21 11:53:55');
INSERT INTO `acl_role_permission` VALUES ('1296658379854344194', '1193757683205607426', '1195350831744782337', 0, '2020-08-21 12:00:23', '2020-08-21 12:00:23');
INSERT INTO `acl_role_permission` VALUES ('1296658379862732801', '1193757683205607426', '1195350919074385921', 0, '2020-08-21 12:00:23', '2020-08-21 12:00:23');
INSERT INTO `acl_role_permission` VALUES ('1296658379862732802', '1193757683205607426', '1195351159672246274', 0, '2020-08-21 12:00:23', '2020-08-21 12:00:23');
INSERT INTO `acl_role_permission` VALUES ('1296658379862732803', '1193757683205607426', '1195351326706208770', 0, '2020-08-21 12:00:23', '2020-08-21 12:00:23');
INSERT INTO `acl_role_permission` VALUES ('1296658379866927106', '1193757683205607426', '1195351566221938690', 0, '2020-08-21 12:00:23', '2020-08-21 12:00:23');
INSERT INTO `acl_role_permission` VALUES ('1296658379871121410', '1193757683205607426', '1195351020463296513', 0, '2020-08-21 12:00:23', '2020-08-21 12:00:23');
INSERT INTO `acl_role_permission` VALUES ('1296658628543016962', '1296658571068469249', '1195349439240048642', 0, '2020-08-21 12:01:22', '2020-08-21 12:01:22');
INSERT INTO `acl_role_permission` VALUES ('1296658628547211266', '1296658571068469249', '1195349699995734017', 0, '2020-08-21 12:01:22', '2020-08-21 12:01:22');
INSERT INTO `acl_role_permission` VALUES ('1296658628547211267', '1296658571068469249', '1195349979797753857', 0, '2020-08-21 12:01:22', '2020-08-21 12:01:22');
INSERT INTO `acl_role_permission` VALUES ('1296658628547211268', '1296658571068469249', '1195350117270261762', 0, '2020-08-21 12:01:22', '2020-08-21 12:01:22');
INSERT INTO `acl_role_permission` VALUES ('1296658628551405570', '1296658571068469249', '1195350188359520258', 0, '2020-08-21 12:01:22', '2020-08-21 12:01:22');
INSERT INTO `acl_role_permission` VALUES ('1296658628551405571', '1296658571068469249', '1195349810561781761', 0, '2020-08-21 12:01:22', '2020-08-21 12:01:22');
INSERT INTO `acl_role_permission` VALUES ('1296658628551405572', '1296658571068469249', '1195349876252971010', 0, '2020-08-21 12:01:22', '2020-08-21 12:01:22');
INSERT INTO `acl_role_permission` VALUES ('1296658628551405573', '1296658571068469249', '1195350299365969922', 0, '2020-08-21 12:01:22', '2020-08-21 12:01:22');
INSERT INTO `acl_role_permission` VALUES ('1296658628551405574', '1296658571068469249', '1195350397751758850', 0, '2020-08-21 12:01:22', '2020-08-21 12:01:22');
INSERT INTO `acl_role_permission` VALUES ('1296658628551405575', '1296658571068469249', '1195350612172967938', 0, '2020-08-21 12:01:22', '2020-08-21 12:01:22');
INSERT INTO `acl_role_permission` VALUES ('1296658628551405576', '1296658571068469249', '1195350500512206850', 0, '2020-08-21 12:01:22', '2020-08-21 12:01:22');
INSERT INTO `acl_role_permission` VALUES ('1296658628551405577', '1296658571068469249', '1195350687590748161', 0, '2020-08-21 12:01:22', '2020-08-21 12:01:22');
INSERT INTO `acl_role_permission` VALUES ('1296658628551405578', '1296658571068469249', '1195350831744782337', 0, '2020-08-21 12:01:22', '2020-08-21 12:01:22');
INSERT INTO `acl_role_permission` VALUES ('1296658628551405579', '1296658571068469249', '1195350919074385921', 0, '2020-08-21 12:01:22', '2020-08-21 12:01:22');
INSERT INTO `acl_role_permission` VALUES ('1296658628551405580', '1296658571068469249', '1195351159672246274', 0, '2020-08-21 12:01:22', '2020-08-21 12:01:22');
INSERT INTO `acl_role_permission` VALUES ('1296658628551405581', '1296658571068469249', '1195351326706208770', 0, '2020-08-21 12:01:22', '2020-08-21 12:01:22');
INSERT INTO `acl_role_permission` VALUES ('1296658628551405582', '1296658571068469249', '1195351566221938690', 0, '2020-08-21 12:01:22', '2020-08-21 12:01:22');
INSERT INTO `acl_role_permission` VALUES ('1296658628551405583', '1296658571068469249', '1195351020463296513', 0, '2020-08-21 12:01:22', '2020-08-21 12:01:22');
INSERT INTO `acl_role_permission` VALUES ('1296658628551405584', '1296658571068469249', '1195351862889254913', 0, '2020-08-21 12:01:22', '2020-08-21 12:01:22');
INSERT INTO `acl_role_permission` VALUES ('1296658628551405585', '1296658571068469249', '1195351968841568257', 0, '2020-08-21 12:01:22', '2020-08-21 12:01:22');
INSERT INTO `acl_role_permission` VALUES ('1296658628551405586', '1296658571068469249', '1195352215768633346', 0, '2020-08-21 12:01:22', '2020-08-21 12:01:22');
INSERT INTO `acl_role_permission` VALUES ('1296658628551405587', '1296658571068469249', '1195352054917074946', 0, '2020-08-21 12:01:22', '2020-08-21 12:01:22');
INSERT INTO `acl_role_permission` VALUES ('1296658628551405588', '1296658571068469249', '1195352127734386690', 0, '2020-08-21 12:01:22', '2020-08-21 12:01:22');
INSERT INTO `acl_role_permission` VALUES ('1296658628551405589', '1296658571068469249', '1195352547621965825', 0, '2020-08-21 12:01:22', '2020-08-21 12:01:22');
INSERT INTO `acl_role_permission` VALUES ('1296658628551405590', '1296658571068469249', '1195353513549205505', 0, '2020-08-21 12:01:22', '2020-08-21 12:01:22');
INSERT INTO `acl_role_permission` VALUES ('1296658628551405591', '1296658571068469249', '1195352856645701633', 0, '2020-08-21 12:01:22', '2020-08-21 12:01:22');
INSERT INTO `acl_role_permission` VALUES ('1296658628551405592', '1296658571068469249', '1195352909401657346', 0, '2020-08-21 12:01:22', '2020-08-21 12:01:22');
INSERT INTO `acl_role_permission` VALUES ('1296658628551405593', '1296658571068469249', '1195353051395624961', 0, '2020-08-21 12:01:22', '2020-08-21 12:01:22');
INSERT INTO `acl_role_permission` VALUES ('1296658628551405594', '1296658571068469249', '1195353672110673921', 0, '2020-08-21 12:01:22', '2020-08-21 12:01:22');
INSERT INTO `acl_role_permission` VALUES ('1296658628551405595', '1296658571068469249', '1195354076890370050', 0, '2020-08-21 12:01:22', '2020-08-21 12:01:22');
INSERT INTO `acl_role_permission` VALUES ('1296658628551405596', '1296658571068469249', '1195354153482555393', 0, '2020-08-21 12:01:22', '2020-08-21 12:01:22');
INSERT INTO `acl_role_permission` VALUES ('1296658631705522177', '1296658571068469249', '1195354315093282817', 0, '2020-08-21 12:01:23', '2020-08-21 12:01:23');
INSERT INTO `acl_role_permission` VALUES ('1425836602303160322', 'r1', '1', 0, '2021-08-12 23:08:31', '2021-08-12 23:08:31');
INSERT INTO `acl_role_permission` VALUES ('1425836602571595778', 'r1', '2', 0, '2021-08-12 23:08:31', '2021-08-12 23:08:31');
INSERT INTO `acl_role_permission` VALUES ('1425836602571595779', 'r1', '3', 0, '2021-08-12 23:08:31', '2021-08-12 23:08:31');

-- ----------------------------
-- Table structure for acl_user
-- ----------------------------
DROP TABLE IF EXISTS `acl_user`;
CREATE TABLE `acl_user`  (
  `id` char(19) CHARACTER SET utf8mb4 COLLATE utf8mb4_general_ci NOT NULL COMMENT '会员id',
  `username` varchar(20) CHARACTER SET utf8mb4 COLLATE utf8mb4_general_ci NOT NULL DEFAULT '' COMMENT '微信openid',
  `password` varchar(32) CHARACTER SET utf8mb4 COLLATE utf8mb4_general_ci NOT NULL DEFAULT '' COMMENT '密码',
  `nick_name` varchar(50) CHARACTER SET utf8mb4 COLLATE utf8mb4_general_ci NULL DEFAULT NULL COMMENT '昵称',
  `salt` varchar(255) CHARACTER SET utf8mb4 COLLATE utf8mb4_general_ci NULL DEFAULT NULL COMMENT '用户头像',
  `token` varchar(100) CHARACTER SET utf8mb4 COLLATE utf8mb4_general_ci NULL DEFAULT NULL COMMENT '用户签名',
  `is_deleted` tinyint(1) UNSIGNED NOT NULL DEFAULT 0 COMMENT '逻辑删除 1（true）已删除， 0（false）未删除',
  `gmt_create` datetime NOT NULL DEFAULT CURRENT_TIMESTAMP COMMENT '创建时间',
  `gmt_modified` datetime NOT NULL DEFAULT CURRENT_TIMESTAMP ON UPDATE CURRENT_TIMESTAMP COMMENT '更新时间',
  PRIMARY KEY (`id`) USING BTREE,
  UNIQUE INDEX `uk_username`(`username`) USING BTREE
) ENGINE = InnoDB CHARACTER SET = utf8mb4 COLLATE = utf8mb4_general_ci COMMENT = '用户表' ROW_FORMAT = Dynamic;

-- ----------------------------
-- Records of acl_user
-- ----------------------------
INSERT INTO `acl_user` VALUES ('1', 'admin', '96e79218965eb72c92a549dd5a330112', 'admin', '', NULL, 0, '2019-11-01 10:39:47', '2019-11-01 10:39:47');
INSERT INTO `acl_user` VALUES ('1296657852869406722', 'yang', '96e79218965eb72c92a549dd5a330112', '龙达达', NULL, NULL, 0, '2020-08-21 11:58:18', '2020-08-21 11:58:18');
INSERT INTO `acl_user` VALUES ('1296658810076688386', 'long', '96e79218965eb72c92a549dd5a330112', '龙达达1', NULL, NULL, 0, '2020-08-21 12:02:06', '2020-08-21 12:02:06');

-- ----------------------------
-- Table structure for acl_user_role
-- ----------------------------
DROP TABLE IF EXISTS `acl_user_role`;
CREATE TABLE `acl_user_role`  (
  `id` char(19) CHARACTER SET utf8 COLLATE utf8_general_ci NOT NULL DEFAULT '' COMMENT '主键id',
  `role_id` char(19) CHARACTER SET utf8 COLLATE utf8_general_ci NOT NULL DEFAULT '0' COMMENT '角色id',
  `user_id` char(19) CHARACTER SET utf8 COLLATE utf8_general_ci NOT NULL DEFAULT '0' COMMENT '用户id',
  `is_deleted` tinyint(1) UNSIGNED NOT NULL DEFAULT 0 COMMENT '逻辑删除 1（true）已删除， 0（false）未删除',
  `gmt_create` datetime NOT NULL DEFAULT CURRENT_TIMESTAMP COMMENT '创建时间',
  `gmt_modified` datetime NOT NULL DEFAULT CURRENT_TIMESTAMP ON UPDATE CURRENT_TIMESTAMP COMMENT '更新时间',
  PRIMARY KEY (`id`) USING BTREE,
  INDEX `idx_role_id`(`role_id`) USING BTREE,
  INDEX `idx_user_id`(`user_id`) USING BTREE
) ENGINE = InnoDB CHARACTER SET = utf8 COLLATE = utf8_general_ci COMMENT = '用户与角色关联表' ROW_FORMAT = Dynamic;

-- ----------------------------
-- Records of acl_user_role
-- ----------------------------
INSERT INTO `acl_user_role` VALUES ('1', '1', '2', 0, '2019-11-11 13:09:53', '2019-11-11 13:09:53');
INSERT INTO `acl_user_role` VALUES ('1296343056387198977', '1296341621322825729', '1296342997553696769', 0, '2020-08-20 15:07:24', '2020-08-20 15:07:24');
INSERT INTO `acl_user_role` VALUES ('1296657892589465601', '1296656642959503361', '1296657852869406722', 0, '2020-08-21 11:58:27', '2020-08-21 11:58:27');
INSERT INTO `acl_user_role` VALUES ('1296659019410206722', '1296658571068469249', '1296658810076688386', 0, '2020-08-21 12:02:56', '2020-08-21 12:02:56');

-- ----------------------------
-- Table structure for crm_banner
-- ----------------------------
DROP TABLE IF EXISTS `crm_banner`;
CREATE TABLE `crm_banner`  (
  `id` char(19) CHARACTER SET utf8mb4 COLLATE utf8mb4_general_ci NOT NULL DEFAULT '' COMMENT 'ID',
  `title` varchar(20) CHARACTER SET utf8mb4 COLLATE utf8mb4_general_ci NULL DEFAULT '' COMMENT '标题',
  `image_url` varchar(500) CHARACTER SET utf8mb4 COLLATE utf8mb4_general_ci NOT NULL DEFAULT '' COMMENT '图片地址',
  `link_url` varchar(500) CHARACTER SET utf8mb4 COLLATE utf8mb4_general_ci NULL DEFAULT '' COMMENT '链接地址',
  `sort` int(10) UNSIGNED NOT NULL DEFAULT 0 COMMENT '排序',
  `is_deleted` tinyint(1) UNSIGNED NOT NULL DEFAULT 0 COMMENT '逻辑删除 1（true）已删除， 0（false）未删除',
  `gmt_create` datetime NOT NULL DEFAULT CURRENT_TIMESTAMP COMMENT '创建时间',
  `gmt_modified` datetime NOT NULL DEFAULT CURRENT_TIMESTAMP ON UPDATE CURRENT_TIMESTAMP COMMENT '更新时间',
  PRIMARY KEY (`id`) USING BTREE,
  UNIQUE INDEX `uk_name`(`title`) USING BTREE
) ENGINE = InnoDB CHARACTER SET = utf8mb4 COLLATE = utf8mb4_general_ci COMMENT = '首页banner表' ROW_FORMAT = Dynamic;

-- ----------------------------
-- Records of crm_banner
-- ----------------------------
INSERT INTO `crm_banner` VALUES ('1194556896025845762', 'test1', 'https://www.gulixueyuan.com/files/system/2021/08-03/0842124db02c767386.png?version=20.4.6', '/course', 1, 0, '2019-11-13 18:05:32', '2021-08-14 14:25:15');
INSERT INTO `crm_banner` VALUES ('1194607458461216769', 'test2', 'https://www.gulixueyuan.com/files/system/2021/07-13/090532c39cfa550000.png?version=20.4.6', '/teacher', 2, 0, '2019-11-13 21:26:27', '2021-08-14 14:24:15');

-- ----------------------------
-- Table structure for edu_chapter
-- ----------------------------
DROP TABLE IF EXISTS `edu_chapter`;
CREATE TABLE `edu_chapter`  (
  `id` char(19) CHARACTER SET utf8mb4 COLLATE utf8mb4_general_ci NOT NULL COMMENT '章节ID',
  `course_id` char(19) CHARACTER SET utf8mb4 COLLATE utf8mb4_general_ci NOT NULL COMMENT '课程ID',
  `title` varchar(50) CHARACTER SET utf8mb4 COLLATE utf8mb4_general_ci NOT NULL COMMENT '章节名称',
  `sort` int(10) UNSIGNED NOT NULL DEFAULT 0 COMMENT '显示排序',
  `gmt_create` datetime NOT NULL DEFAULT CURRENT_TIMESTAMP COMMENT '创建时间',
  `gmt_modified` datetime NOT NULL DEFAULT CURRENT_TIMESTAMP ON UPDATE CURRENT_TIMESTAMP COMMENT '更新时间',
  PRIMARY KEY (`id`) USING BTREE,
  INDEX `idx_course_id`(`course_id`) USING BTREE
) ENGINE = InnoDB CHARACTER SET = utf8mb4 COLLATE = utf8mb4_general_ci COMMENT = '课程章节表' ROW_FORMAT = COMPACT;

-- ----------------------------
-- Records of edu_chapter
-- ----------------------------
INSERT INTO `edu_chapter` VALUES ('1292089439882878978', '1292089410745049089', '第一章', 0, '2020-08-08 21:25:03', '2020-08-08 21:25:03');
INSERT INTO `edu_chapter` VALUES ('1292097784467464194', '1292097678242521090', '时间', 1, '2020-08-08 21:58:12', '2020-08-08 21:58:12');
INSERT INTO `edu_chapter` VALUES ('1292278906387038209', '1292278889588850690', 'ss', 0, '2020-08-09 09:57:55', '2020-08-09 09:57:55');
INSERT INTO `edu_chapter` VALUES ('1292380380689567746', '1292380353153961986', '1515', 0, '2020-08-09 16:41:09', '2020-08-09 16:41:09');
INSERT INTO `edu_chapter` VALUES ('1292682457631481857', '1292682429575782401', 'a', 0, '2020-08-10 12:41:29', '2020-08-10 12:41:29');
INSERT INTO `edu_chapter` VALUES ('1294175999164014594', '1294175937918787585', '第一章、什么是艺术', 0, '2020-08-14 15:36:17', '2020-08-14 15:36:17');
INSERT INTO `edu_chapter` VALUES ('1389172225111048193', '1389172103958577154', 'Collection', 2, '2021-05-03 19:57:23', '2021-05-03 19:57:23');
INSERT INTO `edu_chapter` VALUES ('1389172308770635777', '1389172103958577154', 'network programming', 0, '2021-05-03 19:57:43', '2021-05-03 19:57:43');
INSERT INTO `edu_chapter` VALUES ('1389172335123447809', '1389172103958577154', 'reflection', 0, '2021-05-03 19:57:49', '2021-05-03 19:57:49');
INSERT INTO `edu_chapter` VALUES ('1389172405872967682', '1389172103958577154', 'multi thread', 0, '2021-05-03 19:58:06', '2021-05-03 19:58:06');
INSERT INTO `edu_chapter` VALUES ('1389173539702390785', '1389173328695345153', 'socket', 0, '2021-05-03 20:02:36', '2021-05-03 20:02:36');
INSERT INTO `edu_chapter` VALUES ('1389173583126020098', '1389173328695345153', 'annotation', 0, '2021-05-03 20:02:46', '2021-05-03 20:02:46');
INSERT INTO `edu_chapter` VALUES ('1389174806294118402', '1389174610520784898', 'IOC', 0, '2021-05-03 20:07:38', '2021-05-03 20:07:38');
INSERT INTO `edu_chapter` VALUES ('1389174819871080449', '1389174610520784898', 'AOP', 0, '2021-05-03 20:07:41', '2021-05-03 20:07:41');
INSERT INTO `edu_chapter` VALUES ('1389174841303973890', '1389174610520784898', 'Annotation', 0, '2021-05-03 20:07:46', '2021-05-03 20:07:46');
INSERT INTO `edu_chapter` VALUES ('1389174902494674946', '1389174610520784898', 'dynamic proxy', 0, '2021-05-03 20:08:01', '2021-05-03 20:08:01');
INSERT INTO `edu_chapter` VALUES ('1389179065291063298', '1389179037784817666', 'nacos', 0, '2021-05-03 20:24:34', '2021-05-03 20:24:34');
INSERT INTO `edu_chapter` VALUES ('1389179079111294977', '1389179037784817666', 'sentinel', 0, '2021-05-03 20:24:37', '2021-05-03 20:24:37');
INSERT INTO `edu_chapter` VALUES ('1389179091408994305', '1389179037784817666', 'gateway', 0, '2021-05-03 20:24:40', '2021-05-03 20:24:40');
INSERT INTO `edu_chapter` VALUES ('1389179154269028354', '1389179037784817666', 'seata', 0, '2021-05-03 20:24:55', '2021-05-03 20:24:55');
INSERT INTO `edu_chapter` VALUES ('1389181685443411970', '1389181626911899650', 'oop', 0, '2021-05-03 20:34:58', '2021-05-03 20:34:58');
INSERT INTO `edu_chapter` VALUES ('1389181736018329602', '1389181626911899650', 'STL', 0, '2021-05-03 20:35:10', '2021-05-03 20:35:10');
INSERT INTO `edu_chapter` VALUES ('1389181763428106241', '1389181626911899650', 'template', 0, '2021-05-03 20:35:17', '2021-05-03 20:35:17');
INSERT INTO `edu_chapter` VALUES ('1389182897253335041', '1389182832740745218', 'keyword', 0, '2021-05-03 20:39:47', '2021-05-03 20:39:47');
INSERT INTO `edu_chapter` VALUES ('1389183125108899842', '1389182832740745218', 'Concepts', 0, '2021-05-03 20:40:41', '2021-05-03 20:40:41');
INSERT INTO `edu_chapter` VALUES ('1389184348809674754', '1389184259991093249', 'set', 0, '2021-05-03 20:45:33', '2021-05-03 20:45:33');
INSERT INTO `edu_chapter` VALUES ('1389184389716721666', '1389184259991093249', 'goroutine', 0, '2021-05-03 20:45:43', '2021-05-03 20:45:43');
INSERT INTO `edu_chapter` VALUES ('1389184552761901058', '1389184259991093249', 'Closure', 0, '2021-05-03 20:46:22', '2021-05-03 20:46:22');
INSERT INTO `edu_chapter` VALUES ('1389184877476528129', '1389184771226419201', 'Functional Programming', 0, '2021-05-03 20:47:39', '2021-05-03 20:47:39');
INSERT INTO `edu_chapter` VALUES ('1389184923156692993', '1389184771226419201', 'OOP', 0, '2021-05-03 20:47:50', '2021-05-03 20:47:50');
INSERT INTO `edu_chapter` VALUES ('1389184953154355202', '1389184771226419201', 'IO', 0, '2021-05-03 20:47:57', '2021-05-03 20:47:57');
INSERT INTO `edu_chapter` VALUES ('1389185256570306562', '1389185170943590402', 'QuerySet Api', 0, '2021-05-03 20:49:10', '2021-05-03 20:49:10');
INSERT INTO `edu_chapter` VALUES ('1389188318382866433', '1389188244919631874', 'Component', 0, '2021-05-03 21:01:20', '2021-05-03 21:01:20');
INSERT INTO `edu_chapter` VALUES ('1389188332718997505', '1389188244919631874', 'Module', 0, '2021-05-03 21:01:23', '2021-05-03 21:01:23');
INSERT INTO `edu_chapter` VALUES ('1389188756985430018', '1389188730083164161', 'Router', 0, '2021-05-03 21:03:04', '2021-05-03 21:03:04');
INSERT INTO `edu_chapter` VALUES ('1389189139455623169', '1389189010619187202', 'grammar', 0, '2021-05-03 21:04:35', '2021-05-03 21:04:35');
INSERT INTO `edu_chapter` VALUES ('1389189151887540225', '1389189010619187202', 'features', 0, '2021-05-03 21:04:38', '2021-05-03 21:04:38');
INSERT INTO `edu_chapter` VALUES ('1389189505542864897', '1389189470793056257', 'command', 0, '2021-05-03 21:06:03', '2021-05-03 21:06:03');
INSERT INTO `edu_chapter` VALUES ('1389189606973718530', '1389189470793056257', 'network-switch', 0, '2021-05-03 21:06:27', '2021-05-03 21:06:27');
INSERT INTO `edu_chapter` VALUES ('1389190208835371010', '1389190136257134594', 'command', 0, '2021-05-03 21:08:50', '2021-05-03 21:08:50');
INSERT INTO `edu_chapter` VALUES ('1389190226782797825', '1389190136257134594', 'file system', 0, '2021-05-03 21:08:55', '2021-05-03 21:08:55');
INSERT INTO `edu_chapter` VALUES ('1389190258617565185', '1389190136257134594', 'source code', 0, '2021-05-03 21:09:02', '2021-05-03 21:09:02');
INSERT INTO `edu_chapter` VALUES ('1389190672092053505', '1389190652722757634', 'SQL', 0, '2021-05-03 21:10:41', '2021-05-03 21:10:41');
INSERT INTO `edu_chapter` VALUES ('1389190685627072514', '1389190652722757634', 'Index', 0, '2021-05-03 21:10:44', '2021-05-03 21:10:44');
INSERT INTO `edu_chapter` VALUES ('1389190700747538434', '1389190652722757634', 'Lock', 0, '2021-05-03 21:10:48', '2021-05-03 21:10:48');
INSERT INTO `edu_chapter` VALUES ('1389192748515803138', '1389192645436588033', 'principle', 0, '2021-05-03 21:18:56', '2021-05-03 21:18:56');
INSERT INTO `edu_chapter` VALUES ('1389193529432293378', '1389193497798852609', 'asynchronous', 0, '2021-05-03 21:22:02', '2021-05-03 21:22:02');
INSERT INTO `edu_chapter` VALUES ('1389193733841698817', '1389193701063213057', 'Vue-cli', 0, '2021-05-03 21:22:51', '2021-05-03 21:22:51');
INSERT INTO `edu_chapter` VALUES ('1389194125300285442', '1389194107529019394', 'Nuxt', 0, '2021-05-03 21:24:24', '2021-05-03 21:24:24');
INSERT INTO `edu_chapter` VALUES ('1389195943921139713', '1389195768255299585', 'NoSQL', 0, '2021-05-03 21:31:38', '2021-05-03 21:31:38');
INSERT INTO `edu_chapter` VALUES ('1389196019296976897', '1389195768255299585', 'Replica Set', 0, '2021-05-03 21:31:56', '2021-05-03 21:31:56');
INSERT INTO `edu_chapter` VALUES ('1389196031540150273', '1389195768255299585', 'Index', 0, '2021-05-03 21:31:59', '2021-05-03 21:31:59');
INSERT INTO `edu_chapter` VALUES ('1389196479416320002', '1389196447313117186', 'Channel', 0, '2021-05-03 21:33:45', '2021-05-03 21:33:45');
INSERT INTO `edu_chapter` VALUES ('1389196543341707265', '1389196447313117186', 'Features', 0, '2021-05-03 21:34:01', '2021-05-03 21:34:01');
INSERT INTO `edu_chapter` VALUES ('1389197000839610369', '1389196834980052993', 'Protocol', 0, '2021-05-03 21:35:50', '2021-05-03 21:35:50');
INSERT INTO `edu_chapter` VALUES ('1389197016736022530', '1389196834980052993', 'JMS', 0, '2021-05-03 21:35:53', '2021-05-03 21:35:53');
INSERT INTO `edu_chapter` VALUES ('1389197047211835394', '1389196834980052993', 'dead-message-queue', 0, '2021-05-03 21:36:01', '2021-05-03 21:36:01');
INSERT INTO `edu_chapter` VALUES ('1389198206756536322', '1389198099671760898', 'Grammar', 0, '2021-05-03 21:40:37', '2021-05-03 21:40:37');
INSERT INTO `edu_chapter` VALUES ('1389198241225326593', '1389198099671760898', 'Data Structure', 0, '2021-05-03 21:40:45', '2021-05-03 21:40:45');
INSERT INTO `edu_chapter` VALUES ('1389202217832366081', '1389202151373619202', 'Grammar', 0, '2021-05-03 21:56:34', '2021-05-03 21:56:34');
INSERT INTO `edu_chapter` VALUES ('1389202232944443394', '1389202151373619202', 'Features', 0, '2021-05-03 21:56:37', '2021-05-03 21:56:37');
INSERT INTO `edu_chapter` VALUES ('1389203634341101569', '1389203599444492290', 'Features', 0, '2021-05-03 22:02:11', '2021-05-03 22:02:11');
INSERT INTO `edu_chapter` VALUES ('1389205486373781505', '1389205466488586241', 'Master', 0, '2021-05-03 22:09:33', '2021-05-03 22:09:33');
INSERT INTO `edu_chapter` VALUES ('1389205503004196865', '1389205466488586241', 'Node', 0, '2021-05-03 22:09:37', '2021-05-03 22:09:37');
INSERT INTO `edu_chapter` VALUES ('1389205522327355393', '1389205466488586241', 'Cluster', 0, '2021-05-03 22:09:41', '2021-05-03 22:09:41');
INSERT INTO `edu_chapter` VALUES ('1389205804432048129', '1389205785255690241', 'SQL', 0, '2021-05-03 22:10:49', '2021-05-03 22:10:49');
INSERT INTO `edu_chapter` VALUES ('1389205820257157122', '1389205785255690241', 'Index', 0, '2021-05-03 22:10:52', '2021-05-03 22:10:52');
INSERT INTO `edu_chapter` VALUES ('1389206380251267074', '1389206145881948162', 'Distribution', 0, '2021-05-03 22:13:06', '2021-05-03 22:13:06');
INSERT INTO `edu_chapter` VALUES ('1389206429421092866', '1389206145881948162', 'Cluster', 0, '2021-05-03 22:13:18', '2021-05-03 22:13:18');
INSERT INTO `edu_chapter` VALUES ('1389206707201458178', '1389206675748372481', 'Features', 0, '2021-05-03 22:14:24', '2021-05-03 22:14:24');
INSERT INTO `edu_chapter` VALUES ('1422471799803158530', '1422463568452231169', '第一章', 0, '2021-08-03 16:17:59', '2021-08-03 16:17:59');
INSERT INTO `edu_chapter` VALUES ('1422475268903661570', '1', '11', 0, '2021-08-03 16:31:47', '2021-08-03 16:31:47');
INSERT INTO `edu_chapter` VALUES ('1422475305507352577', '1', '22', 0, '2021-08-03 16:31:55', '2021-08-03 16:31:55');
INSERT INTO `edu_chapter` VALUES ('1422478301490188290', '1', '44', 1, '2021-08-03 16:43:50', '2021-08-03 16:43:50');
INSERT INTO `edu_chapter` VALUES ('1422478369270140929', '1', '33', 0, '2021-08-03 16:43:50', '2021-08-03 16:43:50');
INSERT INTO `edu_chapter` VALUES ('1422478541056249857', '1422478488442900481', '第一章', 0, '2021-08-03 16:44:47', '2021-08-03 16:44:47');
INSERT INTO `edu_chapter` VALUES ('1422478562594000898', '1422478488442900481', '第二章', 0, '2021-08-03 16:44:52', '2021-08-03 16:44:52');
INSERT INTO `edu_chapter` VALUES ('1422480657632071682', '1422480635393871873', 'aaa', 0, '2021-08-03 16:53:11', '2021-08-03 16:53:11');
INSERT INTO `edu_chapter` VALUES ('1422482594523910146', '1422482267875708929', '1', 0, '2021-08-03 17:00:53', '2021-08-03 17:00:53');
INSERT INTO `edu_chapter` VALUES ('1422482603520692226', '1422482267875708929', '2', 0, '2021-08-03 17:00:55', '2021-08-03 17:00:55');
INSERT INTO `edu_chapter` VALUES ('1422492425163087874', '1422492406326468610', '1', 0, '2021-08-03 17:39:57', '2021-08-03 17:39:57');
INSERT INTO `edu_chapter` VALUES ('1422492441428598785', '1422492406326468610', '2', 0, '2021-08-03 17:40:01', '2021-08-03 17:40:01');
INSERT INTO `edu_chapter` VALUES ('1422493234898628609', '1422493186194370561', '0：第一章', 0, '2021-08-03 17:43:10', '2021-08-03 17:43:10');
INSERT INTO `edu_chapter` VALUES ('1426422027744935938', '1426421909645918210', '第一节', 0, '2021-08-14 13:54:47', '2021-08-14 13:54:47');

-- ----------------------------
-- Table structure for edu_comment
-- ----------------------------
DROP TABLE IF EXISTS `edu_comment`;
CREATE TABLE `edu_comment`  (
  `id` char(19) CHARACTER SET utf8mb4 COLLATE utf8mb4_general_ci NOT NULL COMMENT '讲师ID',
  `course_id` varchar(19) CHARACTER SET utf8mb4 COLLATE utf8mb4_general_ci NOT NULL DEFAULT '' COMMENT '课程id',
  `teacher_id` char(19) CHARACTER SET utf8mb4 COLLATE utf8mb4_general_ci NOT NULL DEFAULT '' COMMENT '讲师id',
  `member_id` varchar(19) CHARACTER SET utf8mb4 COLLATE utf8mb4_general_ci NOT NULL DEFAULT '' COMMENT '会员id',
  `nickname` varchar(50) CHARACTER SET utf8mb4 COLLATE utf8mb4_general_ci NULL DEFAULT NULL COMMENT '会员昵称',
  `avatar` varchar(255) CHARACTER SET utf8mb4 COLLATE utf8mb4_general_ci NULL DEFAULT NULL COMMENT '会员头像',
  `content` varchar(500) CHARACTER SET utf8mb4 COLLATE utf8mb4_general_ci NULL DEFAULT NULL COMMENT '评论内容',
  `is_deleted` tinyint(1) UNSIGNED NOT NULL DEFAULT 0 COMMENT '逻辑删除 1（true）已删除， 0（false）未删除',
  `gmt_create` datetime NOT NULL DEFAULT CURRENT_TIMESTAMP COMMENT '创建时间',
  `gmt_modified` datetime NOT NULL DEFAULT CURRENT_TIMESTAMP ON UPDATE CURRENT_TIMESTAMP COMMENT '更新时间',
  PRIMARY KEY (`id`) USING BTREE,
  INDEX `idx_course_id`(`course_id`) USING BTREE,
  INDEX `idx_teacher_id`(`teacher_id`) USING BTREE,
  INDEX `idx_member_id`(`member_id`) USING BTREE
) ENGINE = InnoDB CHARACTER SET = utf8mb4 COLLATE = utf8mb4_general_ci COMMENT = '评论' ROW_FORMAT = Dynamic;

-- ----------------------------
-- Records of edu_comment
-- ----------------------------
INSERT INTO `edu_comment` VALUES ('1424387965106741249', '1422493186194370561', '1189426464967995393', '1423666471548465154', NULL, NULL, '撒旦飞洒地方', 0, '2021-08-08 23:12:09', '2021-08-08 23:12:09');
INSERT INTO `edu_comment` VALUES ('1424388458407251970', '1422493186194370561', '1189426464967995393', '1423666471548465154', '进击的阿权', 'https://thirdwx.qlogo.cn/mmopen/vi_32/NMhJ4o1LuT5abgic2LnoZ1JJHkdIia1HzwbrYeKibT5Dau9icKxfXr9R6KXMrNsKCPS1o7UZolkQCiaDhKTS3eknZPg/132', '中文撒旦法发撒发撒adsfsdfsad', 0, '2021-08-08 23:14:07', '2021-08-08 23:14:07');
INSERT INTO `edu_comment` VALUES ('1424388567517876225', '1422493186194370561', '1189426464967995393', '1423666471548465154', '进击的阿权', 'https://thirdwx.qlogo.cn/mmopen/vi_32/NMhJ4o1LuT5abgic2LnoZ1JJHkdIia1HzwbrYeKibT5Dau9icKxfXr9R6KXMrNsKCPS1o7UZolkQCiaDhKTS3eknZPg/132', '的说法第三方', 0, '2021-08-08 23:14:33', '2021-08-08 23:14:33');
INSERT INTO `edu_comment` VALUES ('1424388576439160834', '1422493186194370561', '1189426464967995393', '1423666471548465154', '进击的阿权', 'https://thirdwx.qlogo.cn/mmopen/vi_32/NMhJ4o1LuT5abgic2LnoZ1JJHkdIia1HzwbrYeKibT5Dau9icKxfXr9R6KXMrNsKCPS1o7UZolkQCiaDhKTS3eknZPg/132', '撒旦法发第三方', 0, '2021-08-08 23:14:35', '2021-08-08 23:14:35');
INSERT INTO `edu_comment` VALUES ('1424388585008123906', '1422493186194370561', '1189426464967995393', '1423666471548465154', '进击的阿权', 'https://thirdwx.qlogo.cn/mmopen/vi_32/NMhJ4o1LuT5abgic2LnoZ1JJHkdIia1HzwbrYeKibT5Dau9icKxfXr9R6KXMrNsKCPS1o7UZolkQCiaDhKTS3eknZPg/132', '打法发射点发射点', 0, '2021-08-08 23:14:37', '2021-08-08 23:14:37');
INSERT INTO `edu_comment` VALUES ('1424390082785693697', '1422493186194370561', '1189426464967995393', '1423666471548465154', '进击的阿权', 'https://thirdwx.qlogo.cn/mmopen/vi_32/NMhJ4o1LuT5abgic2LnoZ1JJHkdIia1HzwbrYeKibT5Dau9icKxfXr9R6KXMrNsKCPS1o7UZolkQCiaDhKTS3eknZPg/132', '撒旦发射点发生发射点发生', 0, '2021-08-08 23:20:34', '2021-08-08 23:20:34');
INSERT INTO `edu_comment` VALUES ('1426437115608535041', '1426421909645918210', '1426417868958302210', '1423548479821025282', 'Akarin', 'https://guli-edu-quan.oss-cn-shenzhen.aliyuncs.com/avatar/alirin.jpeg', '很好，很不错', 0, '2021-08-14 14:54:44', '2021-08-14 14:54:44');

-- ----------------------------
-- Table structure for edu_course
-- ----------------------------
DROP TABLE IF EXISTS `edu_course`;
CREATE TABLE `edu_course`  (
  `id` varchar(40) CHARACTER SET utf8mb4 COLLATE utf8mb4_general_ci NOT NULL COMMENT '课程ID',
  `teacher_id` varchar(40) CHARACTER SET utf8mb4 COLLATE utf8mb4_general_ci NOT NULL COMMENT '课程讲师ID',
  `subject_id` varchar(40) CHARACTER SET utf8mb4 COLLATE utf8mb4_general_ci NOT NULL COMMENT '课程分类ID',
  `subject_parent_id` varchar(40) CHARACTER SET utf8 COLLATE utf8_general_ci NULL DEFAULT NULL COMMENT '课程分类父ID',
  `title` varchar(50) CHARACTER SET utf8mb4 COLLATE utf8mb4_general_ci NOT NULL COMMENT '课程标题',
  `price` decimal(10, 2) UNSIGNED NOT NULL DEFAULT 0.00 COMMENT '课程销售价格，设置为0则可免费观看',
  `lesson_num` int(10) UNSIGNED NOT NULL DEFAULT 0 COMMENT '总课时',
  `cover` varchar(255) CHARACTER SET utf8 COLLATE utf8_general_ci NOT NULL COMMENT '课程封面图片路径',
  `buy_count` bigint(10) UNSIGNED NOT NULL DEFAULT 0 COMMENT '销售数量',
  `view_count` bigint(10) UNSIGNED NOT NULL DEFAULT 0 COMMENT '浏览数量',
  `version` bigint(20) UNSIGNED NOT NULL DEFAULT 1 COMMENT '乐观锁',
  `status` varchar(10) CHARACTER SET utf8mb4 COLLATE utf8mb4_general_ci NOT NULL DEFAULT 'Draft' COMMENT '课程状态 Draft未发布  Normal已发布',
  `is_deleted` tinyint(3) NULL DEFAULT 0 COMMENT '逻辑删除 1（true）已删除， 0（false）未删除',
  `gmt_create` datetime NOT NULL DEFAULT CURRENT_TIMESTAMP COMMENT '创建时间',
  `gmt_modified` datetime NOT NULL DEFAULT CURRENT_TIMESTAMP ON UPDATE CURRENT_TIMESTAMP COMMENT '更新时间',
  PRIMARY KEY (`id`) USING BTREE,
  INDEX `idx_title`(`title`) USING BTREE,
  INDEX `idx_subject_id`(`subject_id`) USING BTREE,
  INDEX `idx_teacher_id`(`teacher_id`) USING BTREE
) ENGINE = InnoDB CHARACTER SET = utf8mb4 COLLATE = utf8mb4_general_ci COMMENT = '课程基本信息' ROW_FORMAT = COMPACT;

-- ----------------------------
-- Records of edu_course
-- ----------------------------
INSERT INTO `edu_course` VALUES ('11', '1189389726308478977', '1293200126730330114', '1293200126705164289', 'java基础课程：test', 0.01, 2, 'http://edu-longyang.oss-cn-beijing.aliyuncs.com/2020/08/06/587d5686663541d986a750be8c9b99b9java.jpg', 4, 391, 1, 'Normal', 1, '2019-11-07 09:27:33', '2021-08-14 13:45:44');
INSERT INTO `edu_course` VALUES ('12', 'string333', '1293200126810021889', '1293200126793244674', 'mysql基础', 0.00, 0, 'http://edu-longyang.oss-cn-beijing.aliyuncs.com/2020/08/06/587d5686663541d986a750be8c9b99b9java.jpg', 0, 27, 1, 'Draft', 0, '2020-08-06 15:31:40', '2021-08-03 17:46:30');
INSERT INTO `edu_course` VALUES ('1291291664610062338', '', '1293200126730330114', '1293200126705164289', 'java从入门到入土', 30.00, 66, 'http://edu-longyang.oss-cn-beijing.aliyuncs.com/2020/08/06/587d5686663541d986a750be8c9b99b9java.jpg', 0, 47, 1, 'Draft', 0, '2020-08-06 16:34:59', '2021-08-03 17:46:42');
INSERT INTO `edu_course` VALUES ('1291293802446819330', '', '1293200126810021889', '1293200126793244674', 'mysql高级优化', 55.00, 55, 'http://edu-longyang.oss-cn-beijing.aliyuncs.com/2020/08/06/587d5686663541d986a750be8c9b99b9java.jpg', 0, 0, 1, 'Draft', 0, '2020-08-06 16:43:28', '2021-08-03 17:46:42');
INSERT INTO `edu_course` VALUES ('1292682429575782401', '1189389726308478977', '1293200126772273153', '1293200126705164289', 'c++精品课程', 10.00, 0, 'http://edu-longyang.oss-cn-beijing.aliyuncs.com/2020/08/06/587d5686663541d986a750be8c9b99b9java.jpg', 0, 0, 1, 'Draft', 0, '2020-08-10 12:41:23', '2021-08-03 17:46:42');
INSERT INTO `edu_course` VALUES ('1299175937918787585', '1294175384794947586', '1293200126365425666', '1293200126289928194', '艺术管理', 2.00, 20, 'http://edu-longyang.oss-cn-beijing.aliyuncs.com/2020/08/06/587d5686663541d986a750be8c9b99b9java.jpg', 0, 0, 1, 'Normal', 0, '2020-08-14 15:36:03', '2021-08-03 17:46:42');
INSERT INTO `edu_course` VALUES ('1389172103958577154', '1388933510056996865', '1380216822119694338', '1380216821620572161', 'JavaSE', 0.00, 6, 'https://my-online-education-project.oss-cn-beijing.aliyuncs.com/2021/05/03/dd3f5e475f804900b5b70533ea32a80fu%3D419759217%2C2052875907%26fm%3D26%26gp%3D0.jpg', 0, 38, 1, 'Normal', 0, '2021-05-03 19:56:54', '2021-05-03 19:58:51');
INSERT INTO `edu_course` VALUES ('1389173328695345153', '1388936503816974337', '1380216822119694338', '1380216821620572161', 'javaEE', 2.00, 6, 'https://my-online-education-project.oss-cn-beijing.aliyuncs.com/2021/05/03/2a87cf688f9c4395b46dfbd87f4210a8u=4054347203,639861629&fm=26&gp=0.gif', 1, 29, 1, 'Normal', 0, '2021-05-03 20:01:46', '2021-05-03 20:03:10');
INSERT INTO `edu_course` VALUES ('1389174610520784898', '1388936857354858497', '1380216822119694338', '1380216821620572161', 'spring framework', 0.00, 5, 'https://my-online-education-project.oss-cn-beijing.aliyuncs.com/2021/05/03/24cf79f5b5234ad0b16681a2c64864c5u%3D1386741497%2C1690022462%26fm%3D26%26gp%3D0.jpg', 0, 10, 1, 'Normal', 0, '2021-05-03 20:06:51', '2021-05-03 20:09:19');
INSERT INTO `edu_course` VALUES ('1389179037784817666', '1388937696752529410', '1380216822119694338', '1380216821620572161', 'Spring Cloud', 4.00, 4, 'https://my-online-education-project.oss-cn-beijing.aliyuncs.com/2021/05/03/f78af7e8ecf348ceb5b928bda6094bbdsrc=http___static.zuidemo.com_upload_image_201810_8cc35820-6277-4b11-8273-bb051bb469e0_large.jpg&refer=http___static.zuidemo.jpg', 1, 45, 1, 'Normal', 0, '2021-05-03 20:24:27', '2021-05-03 20:25:11');
INSERT INTO `edu_course` VALUES ('1389181626911899650', '1388938391253774335', '1380216822732062721', '1380216821620572161', 'C++', 50.00, 2, 'https://my-online-education-project.oss-cn-beijing.aliyuncs.com/2021/05/03/e02259dcfb244936a9ecae3db3377970safjkalsfj.jpg', 1, 13, 1, 'Normal', 0, '2021-05-03 20:34:44', '2021-05-03 20:35:34');
INSERT INTO `edu_course` VALUES ('1389182832740745218', '1388938391253774336', '1380216822732062721', '1380216821620572161', 'C++17', 0.00, 4, 'https://my-online-education-project.oss-cn-beijing.aliyuncs.com/2021/05/03/2fbf988297614338a05c99ddebe07a33cpp.jpg', 0, 3, 1, 'Normal', 0, '2021-05-03 20:39:32', '2021-05-03 20:40:48');
INSERT INTO `edu_course` VALUES ('1389184259991093249', '1388938391253774337', '1380216823461871617', '1380216821620572161', 'golang', 3.00, 5, 'https://my-online-education-project.oss-cn-beijing.aliyuncs.com/2021/05/03/3dc5bbacc2ea4f9fa8e1cf9e73ab4f0cgo.png', 1, 16, 1, 'Normal', 0, '2021-05-03 20:45:12', '2021-05-03 20:46:43');
INSERT INTO `edu_course` VALUES ('1389184771226419201', '1388939126271995905', '1388897584278761473', '1380216821620572161', 'python', 0.00, 2, 'https://my-online-education-project.oss-cn-beijing.aliyuncs.com/2021/05/03/123df76fe622469cad14e3130ba91888Python.png', 0, 1, 1, 'Normal', 0, '2021-05-03 20:47:14', '2021-05-03 20:48:05');
INSERT INTO `edu_course` VALUES ('1389185170943590402', '1388939126271995906', '1388897584278761473', '1380216821620572161', 'django', 3.00, 2, 'https://my-online-education-project.oss-cn-beijing.aliyuncs.com/2021/05/03/9696cb22de5c41e2a31fb713dd1fa5cadjango-icatch-r.png', 0, 3, 1, 'Normal', 0, '2021-05-03 20:48:49', '2021-05-03 20:49:28');
INSERT INTO `edu_course` VALUES ('1389188244919631874', '1388939437527101441', '1380216824942460930', '1380216824040685570', 'Vue', 3.00, 3, 'https://my-online-education-project.oss-cn-beijing.aliyuncs.com/2021/05/03/01c866761b0a4b2d94d82ec37a4088c9u=3188406861,2602574171&fm=26&gp=0.jpg', 0, 1, 1, 'Normal', 0, '2021-05-03 21:01:02', '2021-05-03 21:02:13');
INSERT INTO `edu_course` VALUES ('1389188730083164161', '1388940136608526338', '1380216824942460930', '1380216824040685570', 'Vue Router', 7.00, 5, 'https://my-online-education-project.oss-cn-beijing.aliyuncs.com/2021/05/03/f518ff6b41cf4c11affd4182a6c8d1c5u=1300146589,158997046&fm=26&gp=0.jpg', 0, 0, 1, 'Normal', 0, '2021-05-03 21:02:58', '2021-05-03 21:03:20');
INSERT INTO `edu_course` VALUES ('1389189010619187202', '1388940659441102850', '1380216825936510977', '1380216824040685570', 'JQuery', 0.00, 3, 'https://my-online-education-project.oss-cn-beijing.aliyuncs.com/2021/05/03/e2be62fc271249c19b7ca7ef0f16b0d2u=4243152510,3375696239&fm=26&gp=0.jpg', 0, 0, 1, 'Normal', 0, '2021-05-03 21:04:05', '2021-05-03 21:04:49');
INSERT INTO `edu_course` VALUES ('1389189470793056257', '1388940899934105602', '1380216827647787010', '1380216827014447106', 'docker', 4.00, 3, 'https://my-online-education-project.oss-cn-beijing.aliyuncs.com/2021/05/03/91a5d4dee42f4f8a9fc9b107391fdc5bdocker-eyecatch-960x504.png', 1, 1, 1, 'Normal', 0, '2021-05-03 21:05:54', '2021-05-03 21:06:40');
INSERT INTO `edu_course` VALUES ('1389190136257134594', '1388942003006697473', '1380216828176269313', '1380216827014447106', 'Linux', 2.00, 3, 'https://my-online-education-project.oss-cn-beijing.aliyuncs.com/2021/05/03/0887f22606f845cf9883c38f5a4706fclinux-7.png', 0, 1, 1, 'Normal', 0, '2021-05-03 21:08:33', '2021-05-03 21:09:26');
INSERT INTO `edu_course` VALUES ('1389190652722757634', '1388942344624369665', '1380216829287759873', '1380216828763471873', 'MySQL', 7.00, 4, 'https://my-online-education-project.oss-cn-beijing.aliyuncs.com/2021/05/03/2b51218378e1409a86858bae2f6bdef81024px-MySQL.ff87215b43fd7292af172e2a5d9b844217262571.png', 0, 1, 1, 'Normal', 0, '2021-05-03 21:10:36', '2021-05-03 21:11:15');
INSERT INTO `edu_course` VALUES ('1389192645436588033', '1388942724175327233', '1380216822119694338', '1380216821620572161', 'Seata', 9.00, 3, 'https://my-online-education-project.oss-cn-beijing.aliyuncs.com/2021/05/03/cecf08894b1643d0a79b5b49bd26d346u=449400955,1923468352&fm=26&gp=0.jpg', 0, 0, 1, 'Normal', 0, '2021-05-03 21:18:31', '2021-05-03 21:19:14');
INSERT INTO `edu_course` VALUES ('1389193497798852609', '1388943139281399810', '1380216824942460930', '1380216824040685570', 'Axios', 0.00, 3, 'https://my-online-education-project.oss-cn-beijing.aliyuncs.com/2021/05/03/3ef276234a454295901c0c013f1e5876Axios-logo.png', 0, 0, 1, 'Normal', 0, '2021-05-03 21:21:54', '2021-05-03 21:22:08');
INSERT INTO `edu_course` VALUES ('1389193701063213057', '1388951522264838146', '1380216824942460930', '1380216824040685570', 'Vue-cli', 3.00, 4, 'https://my-online-education-project.oss-cn-beijing.aliyuncs.com/2021/05/03/a6c29a5f97ca4a61a019ec85f319221au=52606248,1420246180&fm=26&gp=0.jpg', 0, 3, 1, 'Normal', 0, '2021-05-03 21:22:43', '2021-05-03 21:23:00');
INSERT INTO `edu_course` VALUES ('1389194107529019394', '1388933510056996865', '1380216824942460930', '1380216824040685570', 'Nuxt', 2.00, 2, 'https://my-online-education-project.oss-cn-beijing.aliyuncs.com/2021/05/03/f9caa5f281ed47c799cde8db08e4ba2du=4839449,2967594979&fm=26&gp=0.jpg', 0, 1, 1, 'Normal', 0, '2021-05-03 21:24:20', '2021-05-03 21:24:30');
INSERT INTO `edu_course` VALUES ('1389195768255299585', '1388936503816974337', '1380216830063706114', '1380216828763471873', 'mongoDB', 5.00, 3, 'https://my-online-education-project.oss-cn-beijing.aliyuncs.com/2021/05/03/3f60d0601aa8429cb84dd178165d4f80MongoDB-logo.png', 0, 2, 1, 'Normal', 0, '2021-05-03 21:30:56', '2021-05-03 21:32:19');
INSERT INTO `edu_course` VALUES ('1389196447313117186', '1388936857354858497', '1380216831422660609', '1380216830789320705', 'RabbitMQ', 4.00, 3, 'https://my-online-education-project.oss-cn-beijing.aliyuncs.com/2021/05/03/8cb7a9713bd145c784edbdcde3023c6erabbitmq.png', 0, 2, 1, 'Normal', 0, '2021-05-03 21:33:38', '2021-05-03 21:34:14');
INSERT INTO `edu_course` VALUES ('1389196834980052993', '1388937696752529410', '1380216831951142913', '1380216830789320705', 'ActiveMQ', 14.00, 4, 'https://my-online-education-project.oss-cn-beijing.aliyuncs.com/2021/05/03/fbdede3b1306455c94852a2df14f409eApache_ActiveMQ_Project_Logo_1.svg.png', 0, 0, 1, 'Normal', 0, '2021-05-03 21:35:10', '2021-05-03 21:36:19');
INSERT INTO `edu_course` VALUES ('1389198099671760898', '1388938391253774335', '1387505182037110786', '1380216828763471873', 'Redis', 6.00, 3, 'https://my-online-education-project.oss-cn-beijing.aliyuncs.com/2021/05/03/4a19fb6369914a6cad360abfc181bacc534d2e7a9cff4a1a7e9553dd7dedd10c.png', 0, 1, 1, 'Normal', 0, '2021-05-03 21:40:12', '2021-05-03 21:41:00');
INSERT INTO `edu_course` VALUES ('1389202151373619202', '1388938391253774336', '1388897584819826689', '1380216824040685570', 'JavaScript', 5.00, 3, 'https://my-online-education-project.oss-cn-beijing.aliyuncs.com/2021/05/03/8aecb9f8feac41378c91bbfafdfe5507javascript-960x504.png', 0, 6, 1, 'Normal', 0, '2021-05-03 21:56:18', '2021-05-03 21:56:53');
INSERT INTO `edu_course` VALUES ('1389203599444492290', '1388938391253774337', '1388897585331531778', '1380216824040685570', 'React', 4.00, 3, 'https://my-online-education-project.oss-cn-beijing.aliyuncs.com/2021/05/03/1aaf8f29905b46af9c8d1235bf8340f11_yjH3SiDaVWtpBX0g_2q68g.png', 0, 0, 1, 'Normal', 0, '2021-05-03 22:02:03', '2021-05-03 22:02:19');
INSERT INTO `edu_course` VALUES ('1389205466488586241', '1388933510056996865', '1388897585851625473', '1380216827014447106', 'Kubernetes', 14.00, 4, 'https://my-online-education-project.oss-cn-beijing.aliyuncs.com/2021/05/03/80e7996f6db448d386ca78099c1a3accKubernetes-logo-1.png', 0, 2, 1, 'Normal', 0, '2021-05-03 22:09:28', '2021-05-03 22:09:58');
INSERT INTO `edu_course` VALUES ('1389205785255690241', '1388939126271995905', '1388897586493353986', '1380216828763471873', 'PostgreSQL', 6.00, 3, 'https://my-online-education-project.oss-cn-beijing.aliyuncs.com/2021/05/03/e94a167aff974454b2ecc1be59116600postgresql-1200x630-960x504.png', 0, 0, 1, 'Normal', 0, '2021-05-03 22:10:44', '2021-05-03 22:11:00');
INSERT INTO `edu_course` VALUES ('1389206675748372481', '1388938391253774336', '1388897590125621249', '1380216830789320705', 'RocketMQ', 6.00, 3, 'https://my-online-education-project.oss-cn-beijing.aliyuncs.com/2021/05/03/fb2fc097fc5b408588e57d7a76f9196eEFrLiBxW4AAQCLR.jpg', 0, 1, 1, 'Normal', 0, '2021-05-03 22:14:16', '2021-05-03 22:14:31');
INSERT INTO `edu_course` VALUES ('1422493186194370561', '1189426464967995393', '1422221398948405249', '1422221398881296385', '2021全新SpringMVC框架教程', 0.01, 60, 'https://www.gulixueyuan.com/files/course/2021/08-02/151735f51c11714475.png', 0, 117, 1, 'Normal', 0, '2021-08-03 17:42:58', '2021-08-14 14:22:38');
INSERT INTO `edu_course` VALUES ('1426421909645918210', '1426417868958302210', '1422221399401390081', '1422221399338475522', 'MyBatis视频教程', 0.00, 18, 'https://guli-edu-quan.oss-cn-shenzhen.aliyuncs.com/image/2021/08/14/877a37d3-17ec-4f4e-8b62-b951f18ddca9.jpg', 0, 22, 1, 'Normal', 0, '2021-08-14 13:54:19', '2021-08-14 14:04:11');

-- ----------------------------
-- Table structure for edu_course_collect
-- ----------------------------
DROP TABLE IF EXISTS `edu_course_collect`;
CREATE TABLE `edu_course_collect`  (
  `id` char(19) CHARACTER SET utf8mb4 COLLATE utf8mb4_general_ci NOT NULL COMMENT '收藏ID',
  `course_id` char(19) CHARACTER SET utf8mb4 COLLATE utf8mb4_general_ci NOT NULL COMMENT '课程讲师ID',
  `member_id` char(19) CHARACTER SET utf8mb4 COLLATE utf8mb4_general_ci NOT NULL DEFAULT '' COMMENT '课程专业ID',
  `is_deleted` tinyint(3) NOT NULL DEFAULT 0 COMMENT '逻辑删除 1（true）已删除， 0（false）未删除',
  `gmt_create` datetime NOT NULL DEFAULT CURRENT_TIMESTAMP COMMENT '创建时间',
  `gmt_modified` datetime NOT NULL DEFAULT CURRENT_TIMESTAMP ON UPDATE CURRENT_TIMESTAMP COMMENT '更新时间',
  PRIMARY KEY (`id`) USING BTREE
) ENGINE = InnoDB CHARACTER SET = utf8mb4 COLLATE = utf8mb4_general_ci COMMENT = '课程收藏' ROW_FORMAT = COMPACT;

-- ----------------------------
-- Records of edu_course_collect
-- ----------------------------
INSERT INTO `edu_course_collect` VALUES ('1196269345666019330', '1192252213659774977', '1', 1, '2019-11-18 11:30:12', '2019-11-18 11:30:12');

-- ----------------------------
-- Table structure for edu_course_description
-- ----------------------------
DROP TABLE IF EXISTS `edu_course_description`;
CREATE TABLE `edu_course_description`  (
  `id` char(19) CHARACTER SET utf8mb4 COLLATE utf8mb4_general_ci NOT NULL COMMENT '课程ID',
  `description` longtext CHARACTER SET utf8mb4 COLLATE utf8mb4_general_ci NULL COMMENT '课程简介',
  `gmt_create` datetime NOT NULL DEFAULT CURRENT_TIMESTAMP COMMENT '创建时间',
  `gmt_modified` datetime NOT NULL DEFAULT CURRENT_TIMESTAMP ON UPDATE CURRENT_TIMESTAMP COMMENT '更新时间',
  PRIMARY KEY (`id`) USING BTREE
) ENGINE = InnoDB CHARACTER SET = utf8mb4 COLLATE = utf8mb4_general_ci COMMENT = '课程简介' ROW_FORMAT = Dynamic;

-- ----------------------------
-- Records of edu_course_description
-- ----------------------------
INSERT INTO `edu_course_description` VALUES ('1292089410745049089', '<p>666</p>', '2020-08-08 21:24:56', '2020-08-08 21:24:56');
INSERT INTO `edu_course_description` VALUES ('1292097678242521090', '', '2020-08-08 21:57:47', '2020-08-08 21:57:47');
INSERT INTO `edu_course_description` VALUES ('1292278889588850690', '<p>qwe</p>', '2020-08-09 09:57:51', '2020-08-09 09:57:51');
INSERT INTO `edu_course_description` VALUES ('1292380353153961986', '<p>qq</p>', '2020-08-09 16:41:02', '2020-08-09 16:41:02');
INSERT INTO `edu_course_description` VALUES ('1292682429575782401', '<p>99</p>', '2020-08-10 12:41:23', '2020-08-10 12:41:23');
INSERT INTO `edu_course_description` VALUES ('1294175937918787585', '<p>发现艺术，发现美</p>', '2020-08-14 15:36:03', '2020-08-14 15:36:03');
INSERT INTO `edu_course_description` VALUES ('1389172103958577154', '<p>java基础，包括集合，多线程，网络编程，反射等</p>', '2021-05-03 19:56:54', '2021-05-03 19:56:54');
INSERT INTO `edu_course_description` VALUES ('1389173328695345153', '<p>javaEE programming</p>', '2021-05-03 20:01:46', '2021-05-03 20:01:46');
INSERT INTO `edu_course_description` VALUES ('1389174610520784898', '<p>spring5 programming</p>', '2021-05-03 20:06:51', '2021-05-03 20:06:51');
INSERT INTO `edu_course_description` VALUES ('1389179037784817666', '<p>spring cloud &amp; spring cloud alibaba</p>', '2021-05-03 20:24:27', '2021-05-03 20:24:27');
INSERT INTO `edu_course_description` VALUES ('1389181626911899650', '<p>C++ programming</p>', '2021-05-03 20:34:44', '2021-05-03 20:34:44');
INSERT INTO `edu_course_description` VALUES ('1389182832740745218', '<p>c++17 features</p>', '2021-05-03 20:39:32', '2021-05-03 20:39:32');
INSERT INTO `edu_course_description` VALUES ('1389184259991093249', '<p>golang programming</p>', '2021-05-03 20:45:12', '2021-05-03 20:45:12');
INSERT INTO `edu_course_description` VALUES ('1389184771226419201', '<p>python programming</p>', '2021-05-03 20:47:14', '2021-05-03 20:47:14');
INSERT INTO `edu_course_description` VALUES ('1389185170943590402', '<p>python django</p>', '2021-05-03 20:48:49', '2021-05-03 20:48:49');
INSERT INTO `edu_course_description` VALUES ('1389188244919631874', '<p>Vue Programming</p>', '2021-05-03 21:01:02', '2021-05-03 21:01:02');
INSERT INTO `edu_course_description` VALUES ('1389188730083164161', '<p>Vue Router Programming</p>', '2021-05-03 21:02:58', '2021-05-03 21:02:58');
INSERT INTO `edu_course_description` VALUES ('1389189010619187202', '<p>JQuery Programming</p>', '2021-05-03 21:04:05', '2021-05-03 21:04:05');
INSERT INTO `edu_course_description` VALUES ('1389189470793056257', '<p>virtual machine - docker</p>', '2021-05-03 21:05:54', '2021-05-03 21:05:54');
INSERT INTO `edu_course_description` VALUES ('1389190136257134594', '<p>Linux</p>', '2021-05-03 21:08:33', '2021-05-03 21:08:33');
INSERT INTO `edu_course_description` VALUES ('1389190652722757634', '<p>MySQL Features</p>', '2021-05-03 21:10:36', '2021-05-03 21:10:36');
INSERT INTO `edu_course_description` VALUES ('1389192645436588033', '<p>distributed transaction - seata</p>', '2021-05-03 21:18:31', '2021-05-03 21:18:31');
INSERT INTO `edu_course_description` VALUES ('1389193497798852609', '<p>Axios Asynchronous Request</p>', '2021-05-03 21:21:55', '2021-05-03 21:21:55');
INSERT INTO `edu_course_description` VALUES ('1389193701063213057', '<p>Vue-cli Programming</p>', '2021-05-03 21:22:43', '2021-05-03 21:22:43');
INSERT INTO `edu_course_description` VALUES ('1389194107529019394', '<p>Nuxt</p>', '2021-05-03 21:24:20', '2021-05-03 21:24:20');
INSERT INTO `edu_course_description` VALUES ('1389195768255299585', '<p>mongoDB Programming</p>', '2021-05-03 21:30:56', '2021-05-03 21:30:56');
INSERT INTO `edu_course_description` VALUES ('1389196447313117186', '<p>RabbitMQ Message Queue</p>', '2021-05-03 21:33:38', '2021-05-03 21:33:38');
INSERT INTO `edu_course_description` VALUES ('1389196834980052993', '<p>ActiveMQ Message Queue</p>', '2021-05-03 21:35:10', '2021-05-03 21:35:10');
INSERT INTO `edu_course_description` VALUES ('1389198099671760898', '<p>Redis NoSQL</p>', '2021-05-03 21:40:12', '2021-05-03 21:40:12');
INSERT INTO `edu_course_description` VALUES ('1389200750106984450', '<p>Python Programming</p>', '2021-05-03 21:50:44', '2021-05-03 21:50:44');
INSERT INTO `edu_course_description` VALUES ('1389202151373619202', '<p>JavaScript Programming</p>', '2021-05-03 21:56:18', '2021-05-03 21:56:18');
INSERT INTO `edu_course_description` VALUES ('1389203599444492290', '<p>React Programming</p>', '2021-05-03 22:02:03', '2021-05-03 22:02:03');
INSERT INTO `edu_course_description` VALUES ('1389205466488586241', '<p>K8s container</p>', '2021-05-03 22:09:28', '2021-05-03 22:09:28');
INSERT INTO `edu_course_description` VALUES ('1389205785255690241', '<p>PostgreSQL databases</p>', '2021-05-03 22:10:44', '2021-05-03 22:10:44');
INSERT INTO `edu_course_description` VALUES ('1389206145881948162', '<p>Kafka Message Queue</p>', '2021-05-03 22:12:10', '2021-05-03 22:12:19');
INSERT INTO `edu_course_description` VALUES ('1389206675748372481', '<p>RocketMQ Message Queue</p>', '2021-05-03 22:14:16', '2021-05-03 22:14:16');
INSERT INTO `edu_course_description` VALUES ('1422432309483134978', '', '2021-08-03 13:41:04', '2021-08-03 13:41:04');
INSERT INTO `edu_course_description` VALUES ('1422433437515984898', '', '2021-08-03 13:45:33', '2021-08-03 13:45:33');
INSERT INTO `edu_course_description` VALUES ('1422442912486498305', '', '2021-08-03 14:23:12', '2021-08-03 14:23:12');
INSERT INTO `edu_course_description` VALUES ('1422454978056265730', '<p><img class=\"wscnph\" src=\"https://guli-edu-quan.oss-cn-shenzhen.aliyuncs.com/image/2021/08/03/e863266f-633f-4f4f-89e5-7b030aa76e9f.jpg\" /></p>', '2021-08-03 15:11:09', '2021-08-03 15:20:57');
INSERT INTO `edu_course_description` VALUES ('1422460645693431809', '', '2021-08-03 15:33:40', '2021-08-03 15:33:40');
INSERT INTO `edu_course_description` VALUES ('1422463568452231169', '', '2021-08-03 15:45:17', '2021-08-03 15:45:17');
INSERT INTO `edu_course_description` VALUES ('1422478488442900481', '', '2021-08-03 16:44:34', '2021-08-03 16:44:34');
INSERT INTO `edu_course_description` VALUES ('1422478779330465793', '', '2021-08-03 16:45:44', '2021-08-03 16:45:44');
INSERT INTO `edu_course_description` VALUES ('1422480635393871873', '', '2021-08-03 16:53:06', '2021-08-03 16:53:06');
INSERT INTO `edu_course_description` VALUES ('1422482267875708929', '', '2021-08-03 16:59:35', '2021-08-03 16:59:35');
INSERT INTO `edu_course_description` VALUES ('1422492406326468610', '', '2021-08-03 17:39:52', '2021-08-03 17:39:52');
INSERT INTO `edu_course_description` VALUES ('1422493186194370561', '<p>课程简介</p>\n<p><label class=\"el-form-item__label\">总课时</label></p>\n<div class=\"el-form-item__content\">\n<div class=\"el-input-number is-controls-right\" data-v-43ef759f=\"\">\n<div class=\"el-input\"><input class=\"el-input__inner\" role=\"spinbutton\" autocomplete=\"off\" max=\"Infinity\" min=\"0\" type=\"text\" placeholder=\"请填写课程的总课时数\" aria-valuemax=\"Infinity\" aria-valuemin=\"0\" aria-valuenow=\"60\" aria-disabled=\"false\" /></div>\n</div>\n</div>', '2021-08-03 17:42:58', '2021-08-07 18:14:02');
INSERT INTO `edu_course_description` VALUES ('1426421909645918210', '<p>MyBatis是目前非常流行的一个轻巧、便利的持久化层框架。 本视频除对MyBatis日常基本使用示范外，还涉及诸多细节。以及较深入源码的讲解MyBatis运行原理、插件机制和一些企业实用场景。 视频包含：MyBatis配置文件编写，MyBatis动态SQL，MyBatis缓存机制，MyBatis-Spring整合，MyBatis逆向工程，MyBatis高级内容（MyBatis源码解析，MyBatis单/多插件运行机制，MyBatis四大对象工作原理，自定义TypeHandler、MyBatis存储过程&amp;游标处理等）。 视频中会在重要的地方对比MyBatis操作MySQL以及Oracle之间的差异性。如果没有Oracle相关知识或者资料的同学，可以先在尚硅谷官网下载学习宋红康老师对于Oracle的讲授。</p>', '2021-08-14 13:54:19', '2021-08-14 13:54:19');

-- ----------------------------
-- Table structure for edu_subject
-- ----------------------------
DROP TABLE IF EXISTS `edu_subject`;
CREATE TABLE `edu_subject`  (
  `id` char(19) CHARACTER SET utf8mb4 COLLATE utf8mb4_general_ci NULL DEFAULT NULL COMMENT '课程类别ID',
  `title` varchar(10) CHARACTER SET utf8mb4 COLLATE utf8mb4_general_ci NOT NULL COMMENT '类别名称',
  `parent_id` char(19) CHARACTER SET utf8mb4 COLLATE utf8mb4_general_ci NOT NULL DEFAULT '0' COMMENT '父ID',
  `sort` int(10) UNSIGNED NOT NULL DEFAULT 0 COMMENT '排序字段',
  `gmt_create` datetime NOT NULL DEFAULT CURRENT_TIMESTAMP COMMENT '创建时间',
  `gmt_modified` datetime NOT NULL DEFAULT CURRENT_TIMESTAMP ON UPDATE CURRENT_TIMESTAMP COMMENT '更新时间',
  INDEX `idx_parent_id`(`parent_id`) USING BTREE
) ENGINE = InnoDB CHARACTER SET = utf8mb4 COLLATE = utf8mb4_general_ci COMMENT = '课程科目（分类）' ROW_FORMAT = COMPACT;

-- ----------------------------
-- Records of edu_subject
-- ----------------------------
INSERT INTO `edu_subject` VALUES ('1422221398881296385', '前端开发', '0', 0, '2021-08-02 23:42:59', '2021-08-02 23:42:59');
INSERT INTO `edu_subject` VALUES ('1422221399078428674', 'JavaScript', '1422221398881296385', 0, '2021-08-02 23:42:59', '2021-08-02 23:42:59');
INSERT INTO `edu_subject` VALUES ('1422221399204257794', 'jquery', '1422221398881296385', 0, '2021-08-02 23:42:59', '2021-08-02 23:42:59');
INSERT INTO `edu_subject` VALUES ('1422221399338475522', '后端开发', '0', 0, '2021-08-02 23:42:59', '2021-08-02 23:42:59');
INSERT INTO `edu_subject` VALUES ('1422221399401390081', 'Java', '1422221399338475522', 0, '2021-08-02 23:42:59', '2021-08-02 23:42:59');
INSERT INTO `edu_subject` VALUES ('1422221399468498945', 'c++', '1422221399338475522', 0, '2021-08-02 23:42:59', '2021-08-02 23:42:59');
INSERT INTO `edu_subject` VALUES ('1422221399598522369', '数据库开发', '0', 0, '2021-08-02 23:42:59', '2021-08-02 23:42:59');
INSERT INTO `edu_subject` VALUES ('1422221399661436930', 'mysql', '1422221399598522369', 0, '2021-08-02 23:42:59', '2021-08-02 23:42:59');
INSERT INTO `edu_subject` VALUES ('1422223683434758145', 'vue', '1422221398881296385', 0, '2021-08-02 23:52:04', '2021-08-02 23:52:04');
INSERT INTO `edu_subject` VALUES ('1380216821620572161', '后端开发', '0', 0, '2021-04-09 02:51:48', '2021-04-09 02:51:48');
INSERT INTO `edu_subject` VALUES ('1380216822119694338', 'Java', '1380216821620572161', 0, '2021-04-09 02:51:48', '2021-04-09 02:51:48');
INSERT INTO `edu_subject` VALUES ('1380216822732062721', 'Cpp', '1380216821620572161', 0, '2021-04-09 02:51:48', '2021-04-09 02:51:48');
INSERT INTO `edu_subject` VALUES ('1380216823461871617', 'Go', '1380216821620572161', 0, '2021-04-09 02:51:49', '2021-04-09 02:51:49');
INSERT INTO `edu_subject` VALUES ('1380216824040685570', '前端开发', '0', 0, '2021-04-09 02:51:49', '2021-04-09 02:51:49');
INSERT INTO `edu_subject` VALUES ('1380216824942460930', 'Vue', '1380216824040685570', 0, '2021-04-09 02:51:49', '2021-04-09 02:51:49');
INSERT INTO `edu_subject` VALUES ('1380216825936510977', 'Jquery', '1380216824040685570', 0, '2021-04-09 02:51:49', '2021-04-09 02:51:49');
INSERT INTO `edu_subject` VALUES ('1380216827014447106', '云计算', '0', 0, '2021-04-09 02:51:49', '2021-04-09 02:51:49');
INSERT INTO `edu_subject` VALUES ('1380216827647787010', 'Docker', '1380216827014447106', 0, '2021-04-09 02:51:50', '2021-04-09 02:51:50');
INSERT INTO `edu_subject` VALUES ('1380216828176269313', 'Linux', '1380216827014447106', 0, '2021-04-09 02:51:50', '2021-04-09 02:51:50');
INSERT INTO `edu_subject` VALUES ('1380216828763471873', '数据库', '0', 0, '2021-04-09 02:51:50', '2021-04-09 02:51:50');
INSERT INTO `edu_subject` VALUES ('1380216829287759873', 'MySQL', '1380216828763471873', 0, '2021-04-09 02:51:50', '2021-04-09 02:51:50');
INSERT INTO `edu_subject` VALUES ('1380216830063706114', 'MongoDB', '1380216828763471873', 0, '2021-04-09 02:51:50', '2021-04-09 02:51:50');
INSERT INTO `edu_subject` VALUES ('1380216830789320705', '消息队列', '0', 0, '2021-04-09 02:51:50', '2021-04-09 02:51:50');
INSERT INTO `edu_subject` VALUES ('1380216831422660609', 'RabbitMQ', '1380216830789320705', 0, '2021-04-09 02:51:50', '2021-04-09 02:51:50');
INSERT INTO `edu_subject` VALUES ('1380216831951142913', 'ActiveMQ', '1380216830789320705', 0, '2021-04-09 02:51:51', '2021-04-09 02:51:51');
INSERT INTO `edu_subject` VALUES ('1387505182037110786', 'Redis', '1380216828763471873', 0, '2021-04-29 05:33:09', '2021-04-29 05:33:09');
INSERT INTO `edu_subject` VALUES ('1388897584278761473', 'python', '1380216821620572161', 0, '2021-05-03 01:46:03', '2021-05-03 01:46:03');
INSERT INTO `edu_subject` VALUES ('1388897584819826689', 'Javascript', '1380216824040685570', 0, '2021-05-03 01:46:03', '2021-05-03 01:46:03');
INSERT INTO `edu_subject` VALUES ('1388897585331531778', 'React', '1380216824040685570', 0, '2021-05-03 01:46:03', '2021-05-03 01:46:03');
INSERT INTO `edu_subject` VALUES ('1388897585851625473', 'Kuberntes', '1380216827014447106', 0, '2021-05-03 01:46:04', '2021-05-03 01:46:04');
INSERT INTO `edu_subject` VALUES ('1388897586493353986', 'PostgreSQL', '1380216828763471873', 0, '2021-05-03 01:46:04', '2021-05-03 01:46:04');
INSERT INTO `edu_subject` VALUES ('1388897588829581314', 'Kafka', '1380216830789320705', 0, '2021-05-03 01:46:04', '2021-05-03 01:46:04');
INSERT INTO `edu_subject` VALUES ('1388897590125621249', 'RocketMQ', '1380216830789320705', 0, '2021-05-03 01:46:05', '2021-05-03 01:46:05');

-- ----------------------------
-- Table structure for edu_teacher
-- ----------------------------
DROP TABLE IF EXISTS `edu_teacher`;
CREATE TABLE `edu_teacher`  (
  `id` char(19) CHARACTER SET utf8mb4 COLLATE utf8mb4_general_ci NOT NULL COMMENT '讲师ID',
  `name` varchar(20) CHARACTER SET utf8mb4 COLLATE utf8mb4_general_ci NOT NULL COMMENT '讲师姓名',
  `intro` varchar(500) CHARACTER SET utf8mb4 COLLATE utf8mb4_general_ci NOT NULL DEFAULT '' COMMENT '讲师简介',
  `career` varchar(500) CHARACTER SET utf8mb4 COLLATE utf8mb4_general_ci NULL DEFAULT NULL COMMENT '讲师资历,一句话说明讲师',
  `level` int(10) UNSIGNED NOT NULL COMMENT '头衔 1高级讲师 2首席讲师',
  `avatar` varchar(255) CHARACTER SET utf8mb4 COLLATE utf8mb4_general_ci NULL DEFAULT NULL COMMENT '讲师头像',
  `sort` int(10) UNSIGNED NOT NULL DEFAULT 0 COMMENT '排序',
  `is_deleted` tinyint(1) UNSIGNED NOT NULL DEFAULT 0 COMMENT '逻辑删除 1（true）已删除， 0（false）未删除',
  `gmt_create` datetime NOT NULL DEFAULT CURRENT_TIMESTAMP COMMENT '创建时间',
  `gmt_modified` datetime NOT NULL DEFAULT CURRENT_TIMESTAMP ON UPDATE CURRENT_TIMESTAMP COMMENT '更新时间',
  PRIMARY KEY (`id`) USING BTREE,
  INDEX `uk_name`(`name`) USING BTREE
) ENGINE = InnoDB CHARACTER SET = utf8mb4 COLLATE = utf8mb4_general_ci COMMENT = '讲师' ROW_FORMAT = Dynamic;

-- ----------------------------
-- Records of edu_teacher
-- ----------------------------
INSERT INTO `edu_teacher` VALUES ('1426415843105275906', '佟老师', '\n资深项目经理、技术讲师、SUN SCJP、SCWCD、原工信部移动云计算教育培训中心教学总监。 十年软件开发经验：参与完成辽宁某高校远程教学管理系统、慧文信息门户系统、日本麦卡尔超市管理系统、崎玉市外来人口登记系统、深海视频会议管理系统、仙台市宫城县日常事务系统等项目的设计和开发。 十年软件培训经验：曾在中国AOP全球外包排名第一的公司任Java、Oracle培训讲师、负责对公司员工新技术培训；曾任花旗银行特约JavaEE培训讲师；某部队研究所JavaEE培训；曾受聘为北航、厦门大学移动云计算专业教学主任， 并主讲Java、Android、iOS课程。', '知名讲师', 1, 'https://guli-edu-quan.oss-cn-shenzhen.aliyuncs.com/avatar/2021/08/14/9bbe80e8-f40b-4bbc-8cd5-1878ba31e1ad.png', 0, 0, '2021-08-14 13:30:13', '2021-08-14 13:30:13');
INSERT INTO `edu_teacher` VALUES ('1426416344618205185', '李老师', '\n从业近二十年，曾任即时Linux研究院副院长、PHPChina技术总监等职，国内早期的UNIX/Linux从业者，中国UNIX用户协会成员，首批红旗Linux认证讲师。先后出版过《UNIX系统管理实用教程》、《Sun Solaris 8系统管理员指南》、《PHP5项目开发实战详解》、《完美应用Ubuntu》、《细说Linux系统管理》等多本计算机技术图书，国内多所大学特聘讲师，猎聘特邀讲师。近年来致力于Linux开源技术推广及职业教育，录制的Linux视频教程是无数从业者的入门宝典，出版的就业指导图书《明哥聊求职》广受好评，曾作客BTV《书香北京》栏目分享，在中国大学慕课网开设《年轻人的第一堂就业指导课》，2017年明哥聊求职获教育行业优秀自媒体奖，全网粉丝近百万。', 'Linux/LAMP技术大牛', 1, 'https://guli-edu-quan.oss-cn-shenzhen.aliyuncs.com/avatar/2021/08/14/f868ab62-30b6-4245-82e3-f49e79d621da.png', 0, 0, '2021-08-14 13:32:12', '2021-08-14 13:32:12');
INSERT INTO `edu_teacher` VALUES ('1426416512130318337', '宋老师', '东北师大理学学士，北京航空航天大学硕士，曾于北航软件开发环境国家重点实验室研究多项课题，对智能交通—浮动车海量数据挖掘及在线社交网络信息传播和控制问题有深入研究，曾发表论文数篇。先后担任过高级软件开发工程师，系统架构师，高级讲师。具备丰富的软件开发经验和教学经验。精通C/C++、Java、Objective-C 等开发语言， 对JavaEE、Android开发有深入理解，对以Java语言为基础的各种框架有深入研究。亲自主持开发过多个大型项目，具备很强的项目管理能力和丰富的项目实施经验。', '北航硕士', 1, 'https://guli-edu-quan.oss-cn-shenzhen.aliyuncs.com/avatar/2021/08/14/700315f2-a65e-4cc2-8424-3225e6e9fc79.png', 0, 0, '2021-08-14 13:32:52', '2021-08-14 13:32:52');
INSERT INTO `edu_teacher` VALUES ('1426416627201048578', '周老师', '多年开发及管理经验，曾先后就职于神华和信、亚信联创、安润金融等大中型互联网公司，任技术经理、项目经理、架构师等职位。历经电信、互联网金融等热门行业的项目历练，对传统JavaEE技术体系、云计算、大数据及当下热门的互联网技术都具有深厚的技术功底。 能够将企业流行、实用的技术带回课堂，引导学生少走弯路。', '北邮硕士', 1, 'https://guli-edu-quan.oss-cn-shenzhen.aliyuncs.com/avatar/2021/08/14/36d15d30-8df6-4906-9c51-829bbfe475a2.png', 0, 0, '2021-08-14 13:33:20', '2021-08-14 13:33:20');
INSERT INTO `edu_teacher` VALUES ('1426416753898389506', '缪老师', '辽工大外聘大数据、区块链专家、辽工大保送硕士，曾就职于交大思诺、文思海辉、宅急送等知名企业，历任项目经理、架构师 。多年项目开发、管理经验。精通 Go、Hadoop、Spark、Android、Java、C/C++，对区块链、大数据、Linux 等有深入研究。技术功底深厚，热衷于新技术的研究。从业IT教育多年，学员多任职于腾讯、联想、京东、新浪、Oracle、IBM 等国内外互联网公司。人称大海哥，号称尚硅谷第一帅。', '全能型技术高手', 2, 'https://guli-edu-quan.oss-cn-shenzhen.aliyuncs.com/avatar/2021/08/14/ec913e77-0a00-47a9-bde7-578e016583c7.png', 0, 0, '2021-08-14 13:33:50', '2021-08-14 13:33:50');
INSERT INTO `edu_teacher` VALUES ('1426416886862020610', '封老师', '具多年软件开发经验，曾主持或参与开发《中国电力轨道交通线路数据交换平台》、《SG186工程宁夏电网营销 稽查管理项目》、《天津市广告监管系统》等项目。对JavaEE 技术体系结构、JavaWeb 原理有深刻理解，精通多种主流框架以及 Maven、Ant 等构建工具。 课堂教学循序渐进，深入浅出，主张快乐学习，学以致用。', '技术大神', 2, 'https://guli-edu-quan.oss-cn-shenzhen.aliyuncs.com/avatar/2021/08/14/d2231213-d90e-4e88-8264-21ff64433f8b.png', 0, 0, '2021-08-14 13:34:22', '2021-08-14 13:34:22');
INSERT INTO `edu_teacher` VALUES ('1426417242639663105', '李老师', '\n具有多年项目开发和教育培训经验，曾先后任职于致远协创、用友科技等知名企业，历任项目经理、架构师等，精通JavaEE、Android、 C++、C#等开发语言，主持并参与Android SDK开发，熟练掌握JavaEE技术及架构体系、SpringMVC、Spring、 Mybatis、Redis、Struts2、Hibernate等框架。', 'IT技术领域的美少女', 2, 'https://guli-edu-quan.oss-cn-shenzhen.aliyuncs.com/avatar/2021/08/14/e0477ed4-b865-4ee9-88df-ce06b0f23d7a.png', 0, 0, '2021-08-14 13:35:46', '2021-08-14 13:35:46');
INSERT INTO `edu_teacher` VALUES ('1426417431995711490', '柴老师', '尚硅谷高级讲师，具有多年的教学和项目开发经验。曾参与国家电网内蒙古供电企业一体化管理信息系统的研发、国土资源局的国土资源非空间数据服务系统的研发、赛迪时代公司内部项目通用基础组件的设计与研发，并为新华南方等众多IT企业储备人才及广东、山东等多所高校大学生进行实训授课。精通Oracle、MySQL、SSH、MyBatis、JBPM等众多框架，现专注于JavaSE技术的研究、教学和推广。“细心，耐心，用心”是一贯坚持的工作态度，追求“润物细无声”的教育方式。', '授课深入浅出、细致、透彻', 2, 'https://guli-edu-quan.oss-cn-shenzhen.aliyuncs.com/avatar/2021/08/14/d92e05ab-51aa-4997-ae82-9f7be61797d1.png', 0, 0, '2021-08-14 13:36:32', '2021-08-14 13:36:32');
INSERT INTO `edu_teacher` VALUES ('1426417577651306498', '张老师', '中国人民大学软件工程硕士。精通java核心框架、大数据Hadoop、Spark技术，曾先后就职于南天软件、用友金融、中植集团、百合贷，任技术经理、项目经理、技术部负责人。主持开发了中信银行、国家电网、中植集团、东方资产等大型企业的金融类系统，也对时下流行的互联网金融有深入的研究。 十余年的项目经历，练就了纯厚的技术底蕴和丰富的职场经验。', '中国人大硕士', 1, 'https://guli-edu-quan.oss-cn-shenzhen.aliyuncs.com/avatar/2021/08/14/f888f84a-18c2-449a-85b3-61f200ea7470.png', 0, 0, '2021-08-14 13:37:06', '2021-08-14 13:37:06');
INSERT INTO `edu_teacher` VALUES ('1426417720274419714', '雷老师', '具有多年软件开发经验，熟悉 Java、C/C++等多种开发语言，对主流框架Spring、Struts2、Hibernate、MyBatis、SpringMVC等具有丰富的开发经验。曾参与大型物联网系统（智能物流）、智慧城市系统的开发，并主持开发某社交软件的移动端（Android/iOS）、服务端（openfire）、桌面端（swing）、网页端（webIM），对即时通讯、图像处理、流媒体领域等有深入研究。', '功力深厚', 2, 'https://guli-edu-quan.oss-cn-shenzhen.aliyuncs.com/avatar/2021/08/14/879c7d04-1463-44b6-967c-6e0e050353b8.png', 0, 0, '2021-08-14 13:37:40', '2021-08-14 13:37:40');
INSERT INTO `edu_teacher` VALUES ('1426417868958302210', '张老师', '从事JavaEE技术多年，一直致力于Java技术培训，热爱教育。深入掌握Struts、Hibernate、Spring、SpringMVC、MyBatis、EJB等主流框架,通过分析源码，讲解框架设计原理。授课细致，深入浅出，深受学生喜爱。曾参与开发了首钢集团OA系统；CMMI项目管理系统；eGov电子政务系统等。对学生寄语：既然选择就别轻言放弃！', '主持开发多个大型系统', 1, 'https://guli-edu-quan.oss-cn-shenzhen.aliyuncs.com/avatar/2021/08/14/bf052bbc-df4c-4d0c-8589-e8b77909cc4b.png', 0, 0, '2021-08-14 13:38:16', '2021-08-14 13:38:16');

-- ----------------------------
-- Table structure for edu_video
-- ----------------------------
DROP TABLE IF EXISTS `edu_video`;
CREATE TABLE `edu_video`  (
  `id` char(19) CHARACTER SET utf8mb4 COLLATE utf8mb4_general_ci NOT NULL COMMENT '视频ID',
  `course_id` char(19) CHARACTER SET utf8mb4 COLLATE utf8mb4_general_ci NOT NULL COMMENT '课程ID',
  `chapter_id` char(19) CHARACTER SET utf8mb4 COLLATE utf8mb4_general_ci NOT NULL COMMENT '章节ID',
  `title` varchar(50) CHARACTER SET utf8mb4 COLLATE utf8mb4_general_ci NOT NULL COMMENT '节点名称',
  `video_source_id` varchar(100) CHARACTER SET utf8mb4 COLLATE utf8mb4_general_ci NULL DEFAULT NULL COMMENT '云端视频资源',
  `video_original_name` varchar(100) CHARACTER SET utf8mb4 COLLATE utf8mb4_general_ci NULL DEFAULT NULL COMMENT '原始文件名称',
  `sort` int(10) UNSIGNED NOT NULL DEFAULT 0 COMMENT '排序字段',
  `play_count` bigint(20) UNSIGNED NOT NULL DEFAULT 0 COMMENT '播放次数',
  `is_free` tinyint(1) UNSIGNED NOT NULL DEFAULT 0 COMMENT '是否可以试听：0收费 1免费',
  `duration` float NOT NULL DEFAULT 0 COMMENT '视频时长（秒）',
  `status` varchar(20) CHARACTER SET utf8mb4 COLLATE utf8mb4_general_ci NOT NULL DEFAULT 'Empty' COMMENT 'Empty未上传 Transcoding转码中  Normal正常',
  `size` bigint(20) UNSIGNED NOT NULL DEFAULT 0 COMMENT '视频源文件大小（字节）',
  `version` bigint(20) UNSIGNED NOT NULL DEFAULT 1 COMMENT '乐观锁',
  `gmt_create` datetime NOT NULL DEFAULT CURRENT_TIMESTAMP COMMENT '创建时间',
  `gmt_modified` datetime NOT NULL DEFAULT CURRENT_TIMESTAMP ON UPDATE CURRENT_TIMESTAMP COMMENT '更新时间',
  PRIMARY KEY (`id`) USING BTREE,
  INDEX `idx_course_id`(`course_id`) USING BTREE,
  INDEX `idx_chapter_id`(`chapter_id`) USING BTREE
) ENGINE = InnoDB CHARACTER SET = utf8mb4 COLLATE = utf8mb4_general_ci COMMENT = '课程小结表' ROW_FORMAT = COMPACT;

-- ----------------------------
-- Records of edu_video
-- ----------------------------
INSERT INTO `edu_video` VALUES ('1', '1294175937918787585', '1294175999164014594', '艺术的起源', 'fedcdb5027c5428ba29b93f7ef7c7a93', '', 0, 0, 0, 0, 'Empty', 0, 1, '2020-08-14 15:36:57', '2020-08-14 15:36:57');
INSERT INTO `edu_video` VALUES ('1292090147784925186', '1292089410745049089', '1292089439882878978', '第一节', 'e895880ce4784d9a866b17e8d8cd377b', '6 - What If I Want to Move Faster.mp4', 0, 0, 0, 0, 'Empty', 0, 1, '2020-08-08 21:27:52', '2020-08-08 21:27:52');
INSERT INTO `edu_video` VALUES ('1292097844735418369', '1292097678242521090', '1292097784467464194', '什么是时间', '851d386575034d1aa196f35525f9ad72', NULL, 0, 0, 0, 0, 'Empty', 0, 1, '2020-08-08 21:58:27', '2020-08-08 21:58:27');
INSERT INTO `edu_video` VALUES ('1292097969151057921', '1292097678242521090', '1292097784467464194', '为什么要时间管理', '851d386575034d1aa196f35525f9ad72', NULL, 0, 0, 0, 0, 'Empty', 0, 1, '2020-08-08 21:58:57', '2020-08-08 21:58:57');
INSERT INTO `edu_video` VALUES ('1292098059089518594', '1292097678242521090', '1292097784467464194', '怎样实现时间管理', '851d386575034d1aa196f35525f9ad72', NULL, 0, 0, 0, 0, 'Empty', 0, 1, '2020-08-08 21:59:18', '2020-08-08 21:59:18');
INSERT INTO `edu_video` VALUES ('1292380892084277249', '1292380353153961986', '1292380380689567746', '9999', '851d386575034d1aa196f35525f9ad72', '6 - What If I Want to Move Faster.mp4', 0, 0, 0, 0, 'Empty', 0, 1, '2020-08-09 16:43:11', '2020-08-09 16:43:11');
INSERT INTO `edu_video` VALUES ('1292682517811355649', '1292682429575782401', '1292682457631481857', '151', '851d386575034d1aa196f35525f9ad72', NULL, 10, 0, 0, 0, 'Empty', 0, 1, '2020-08-10 12:41:44', '2020-08-10 12:41:44');
INSERT INTO `edu_video` VALUES ('1294176165854044162', '1294175937918787585', '1294175999164014594', '艺术的起源', '851d386575034d1aa196f35525f9ad72', NULL, 0, 0, 0, 0, 'Empty', 0, 1, '2020-08-14 15:36:57', '2020-08-14 15:36:57');
INSERT INTO `edu_video` VALUES ('1294176222691057665', '1294175937918787585', '1294175999164014594', '艺术的发展过程', '851d386575034d1aa196f35525f9ad72', NULL, 0, 0, 0, 0, 'Empty', 0, 1, '2020-08-14 15:37:11', '2020-08-14 15:37:11');
INSERT INTO `edu_video` VALUES ('1422472359658909698', '1422463568452231169', '1422471799803158530', '0：hello world', '', '', 0, 0, 0, 0, 'Empty', 0, 1, '2021-08-03 16:20:13', '2021-08-03 16:20:13');
INSERT INTO `edu_video` VALUES ('1422472452646629378', '1422463568452231169', '1422471799803158530', '0：hello world', '', '', 0, 0, 0, 0, 'Empty', 0, 1, '2021-08-03 16:20:35', '2021-08-03 16:20:35');
INSERT INTO `edu_video` VALUES ('1422478617317085185', '1422478488442900481', '1422478541056249857', '0：开头', '', '', 0, 0, 0, 0, 'Empty', 0, 1, '2021-08-03 16:45:05', '2021-08-03 16:45:05');
INSERT INTO `edu_video` VALUES ('1422478667573235713', '1422478488442900481', '1422478541056249857', '1：hello world', '', '', 0, 0, 0, 0, 'Empty', 0, 1, '2021-08-03 16:45:17', '2021-08-03 16:45:17');
INSERT INTO `edu_video` VALUES ('1422478724125036545', '1422478488442900481', '1422478541056249857', '2：开始', '', '', 0, 0, 0, 0, 'Empty', 0, 1, '2021-08-03 16:45:30', '2021-08-03 16:45:30');
INSERT INTO `edu_video` VALUES ('1422482652279476226', '1422482267875708929', '1422482594523910146', '222', '', '', 0, 0, 0, 0, 'Empty', 0, 1, '2021-08-03 17:01:07', '2021-08-03 17:01:07');
INSERT INTO `edu_video` VALUES ('1422482689768165378', '1422482267875708929', '1422482594523910146', '222', '', '', 0, 0, 0, 0, 'Empty', 0, 1, '2021-08-03 17:01:16', '2021-08-03 17:01:16');
INSERT INTO `edu_video` VALUES ('1422483449297899522', '1422482267875708929', '1422482603520692226', '222', '', '', 0, 0, 0, 0, 'Empty', 0, 1, '2021-08-03 17:04:17', '2021-08-03 17:04:17');
INSERT INTO `edu_video` VALUES ('1423951581216673793', '1422493186194370561', '1422493234898628609', '课时 1 : Android基础知识', 'f234a12ab2f745d38816030bc6a826cc', 'a.mp4', 0, 0, 0, 0, 'Empty', 0, 1, '2021-08-07 18:18:07', '2021-08-07 18:18:07');
INSERT INTO `edu_video` VALUES ('1423951933072642049', '1422493186194370561', '1422493234898628609', '课时 2 : 介绍Android_Android系统架构', '1ebcf00f601f4a29a664dab3c6737552', '1.1   2015年5月软件设计师上午真题1-10.avi', 0, 0, 0, 0, 'Empty', 0, 1, '2021-08-07 18:19:31', '2021-08-07 18:19:31');
INSERT INTO `edu_video` VALUES ('1423953441516326914', '1422493186194370561', '1422493234898628609', '课时 3 : 开发第一个Android应用_搭建开发环境', '74000dc529fb45c0ac6369228239a258', '1-项目介绍（买前必看）.mp4', 0, 0, 0, 0, 'Empty', 0, 1, '2021-08-07 18:25:30', '2021-08-07 18:25:30');
INSERT INTO `edu_video` VALUES ('1426423833334087682', '1426421909645918210', '1426422027744935938', 'MyBatis_简介', '73831541331e4e8bbb590263b317a109', 'a.mp4', 0, 0, 0, 0, 'Empty', 0, 1, '2021-08-14 14:01:58', '2021-08-14 14:01:58');
INSERT INTO `edu_video` VALUES ('1426424130454388737', '1426421909645918210', '1426422027744935938', 'MyBatis_下载', NULL, NULL, 0, 0, 0, 0, 'Empty', 0, 1, '2021-08-14 14:03:09', '2021-08-14 14:03:09');
INSERT INTO `edu_video` VALUES ('1426424210989219842', '1426421909645918210', '1426422027744935938', 'MyBatis_HelloWorld', NULL, NULL, 0, 0, 0, 0, 'Empty', 0, 1, '2021-08-14 14:03:28', '2021-08-14 14:03:28');

-- ----------------------------
-- Table structure for statistics_daily
-- ----------------------------
DROP TABLE IF EXISTS `statistics_daily`;
CREATE TABLE `statistics_daily`  (
  `id` char(19) CHARACTER SET utf8 COLLATE utf8_general_ci NOT NULL COMMENT '主键',
  `date_calculated` varchar(20) CHARACTER SET utf8 COLLATE utf8_general_ci NOT NULL COMMENT '统计日期',
  `register_num` int(11) NOT NULL DEFAULT 0 COMMENT '注册人数',
  `login_num` int(11) NOT NULL DEFAULT 0 COMMENT '登录人数',
  `video_view_num` int(11) NOT NULL DEFAULT 0 COMMENT '每日播放视频数',
  `course_num` int(11) NOT NULL DEFAULT 0 COMMENT '每日新增课程数',
  `gmt_create` datetime NOT NULL DEFAULT CURRENT_TIMESTAMP COMMENT '创建时间',
  `gmt_modified` datetime NOT NULL DEFAULT CURRENT_TIMESTAMP ON UPDATE CURRENT_TIMESTAMP COMMENT '更新时间',
  PRIMARY KEY (`id`) USING BTREE,
  INDEX `statistics_day`(`date_calculated`) USING BTREE
) ENGINE = InnoDB CHARACTER SET = utf8 COLLATE = utf8_general_ci COMMENT = '网站统计日数据' ROW_FORMAT = Dynamic;

-- ----------------------------
-- Records of statistics_daily
-- ----------------------------
INSERT INTO `statistics_daily` VALUES ('1424916454348124161', '2021-08-06', 3, 1, 15, 14, '2021-08-10 10:12:11', '2021-08-10 15:52:09');
INSERT INTO `statistics_daily` VALUES ('1424922732675952641', '2021-08-05', 9, 12, 14, 18, '2021-08-10 10:37:07', '2021-08-10 15:52:08');
INSERT INTO `statistics_daily` VALUES ('1424945208839614465', '2021-08-08', 7, 11, 11, 13, '2021-08-10 12:06:26', '2021-08-10 15:52:10');
INSERT INTO `statistics_daily` VALUES ('1424945208839614466', '2021-08-09', 2, 145, 14, 19, '2021-08-10 12:06:26', '2021-08-10 15:52:13');

-- ----------------------------
-- Table structure for t_order
-- ----------------------------
DROP TABLE IF EXISTS `t_order`;
CREATE TABLE `t_order`  (
  `id` char(19) CHARACTER SET utf8mb4 COLLATE utf8mb4_general_ci NOT NULL DEFAULT '',
  `order_no` varchar(20) CHARACTER SET utf8mb4 COLLATE utf8mb4_general_ci NOT NULL DEFAULT '' COMMENT '订单号',
  `course_id` varchar(19) CHARACTER SET utf8mb4 COLLATE utf8mb4_general_ci NOT NULL DEFAULT '' COMMENT '课程id',
  `course_title` varchar(100) CHARACTER SET utf8mb4 COLLATE utf8mb4_general_ci NULL DEFAULT NULL COMMENT '课程名称',
  `course_cover` varchar(255) CHARACTER SET utf8mb4 COLLATE utf8mb4_general_ci NULL DEFAULT NULL COMMENT '课程封面',
  `teacher_name` varchar(20) CHARACTER SET utf8mb4 COLLATE utf8mb4_general_ci NULL DEFAULT NULL COMMENT '讲师名称',
  `member_id` varchar(19) CHARACTER SET utf8mb4 COLLATE utf8mb4_general_ci NOT NULL DEFAULT '' COMMENT '会员id',
  `nickname` varchar(50) CHARACTER SET utf8mb4 COLLATE utf8mb4_general_ci NULL DEFAULT NULL COMMENT '会员昵称',
  `mobile` varchar(11) CHARACTER SET utf8mb4 COLLATE utf8mb4_general_ci NULL DEFAULT NULL COMMENT '会员手机',
  `total_fee` decimal(10, 2) NULL DEFAULT 0.01 COMMENT '订单金额（分）',
  `pay_type` tinyint(3) NULL DEFAULT 1 COMMENT '支付类型（1：微信 2：支付宝）',
  `status` tinyint(3) NULL DEFAULT 0 COMMENT '订单状态（0：未支付 1：已支付）',
  `is_deleted` tinyint(1) UNSIGNED NOT NULL DEFAULT 0 COMMENT '逻辑删除 1（true）已删除， 0（false）未删除',
  `gmt_create` datetime NOT NULL DEFAULT CURRENT_TIMESTAMP COMMENT '创建时间',
  `gmt_modified` datetime NOT NULL DEFAULT CURRENT_TIMESTAMP ON UPDATE CURRENT_TIMESTAMP COMMENT '更新时间',
  PRIMARY KEY (`id`) USING BTREE,
  UNIQUE INDEX `ux_order_no`(`order_no`) USING BTREE,
  INDEX `idx_course_id`(`course_id`) USING BTREE,
  INDEX `idx_member_id`(`member_id`) USING BTREE
) ENGINE = InnoDB CHARACTER SET = utf8mb4 COLLATE = utf8mb4_general_ci COMMENT = '订单' ROW_FORMAT = Dynamic;

-- ----------------------------
-- Records of t_order
-- ----------------------------
INSERT INTO `t_order` VALUES ('1295283899496181762', '20200817165841785', '1291291664610062338', 'java从入门到入土', 'http://edu-longyang.oss-cn-beijing.aliyuncs.com/2020/08/06/587d5686663541d986a750be8c9b99b9java.jpg', NULL, '1293479645739515905', '龙达达', '', 30.00, 1, 0, 0, '2020-08-17 16:58:42', '2020-08-17 16:58:42');
INSERT INTO `t_order` VALUES ('1295349281120645122', '20200817211829644', '11', 'java基础课程：test', 'http://edu-longyang.oss-cn-beijing.aliyuncs.com/2020/08/06/587d5686663541d986a750be8c9b99b9java.jpg', '晴天', '1293112972314537985', '龙达达', '13206203240', 0.01, 1, 0, 0, '2020-08-17 21:18:30', '2020-08-17 21:19:49');
INSERT INTO `t_order` VALUES ('1295350349279813634', '20200817212244397', '11', 'java基础课程：test', 'http://edu-longyang.oss-cn-beijing.aliyuncs.com/2020/08/06/587d5686663541d986a750be8c9b99b9java.jpg', '晴天', '1293112972314537985', '龙达达', '13206203240', 0.01, 1, 0, 0, '2020-08-17 21:22:44', '2020-08-17 21:23:12');
INSERT INTO `t_order` VALUES ('1295351104241930242', '20200817212544565', '11', 'java基础课程：test', 'http://edu-longyang.oss-cn-beijing.aliyuncs.com/2020/08/06/587d5686663541d986a750be8c9b99b9java.jpg', '晴天', '1293112972314537985', '龙达达', '13206203240', 0.01, 1, 1, 0, '2020-08-17 21:25:44', '2020-08-17 21:25:57');
INSERT INTO `t_order` VALUES ('1295552800213708802', '20200818104712418', '1291291664610062338', 'java从入门到入土', 'http://edu-longyang.oss-cn-beijing.aliyuncs.com/2020/08/06/587d5686663541d986a750be8c9b99b9java.jpg', NULL, '1293112972314537985', '龙达达', '13206203240', 30.00, 1, 0, 0, '2020-08-18 10:47:12', '2020-08-18 10:47:12');
INSERT INTO `t_order` VALUES ('1296712531745710081', '20200821153533622', '1291557512700538881', '最终测试课程添加', 'http://edu-longyang.oss-cn-beijing.aliyuncs.com/2020/08/06/587d5686663541d986a750be8c9b99b9java.jpg', '晴天', '1293112972314537985', '龙达达', '13206203240', 88.00, 1, 0, 0, '2020-08-21 15:35:34', '2020-08-21 15:35:34');
INSERT INTO `t_order` VALUES ('1424404685238272002', '1424404685112442882', '1422493186194370561', '课程标题-有数据', 'https://guli-edu-quan.oss-cn-shenzhen.aliyuncs.com/image/2021/08/03/0df8769e-bea3-4f4f-91f8-110482f76a0b.jpg', '王五', '1423666471548465154', '进击的阿权', '', 10.10, 0, 0, 0, '2021-08-09 00:18:35', '2021-08-09 00:18:35');
INSERT INTO `t_order` VALUES ('1424404859914256387', '1424404859914256386', '1422493186194370561', '课程标题-有数据', 'https://guli-edu-quan.oss-cn-shenzhen.aliyuncs.com/image/2021/08/03/0df8769e-bea3-4f4f-91f8-110482f76a0b.jpg', '王五', '1423666471548465154', '进击的阿权', '', 10.10, 0, 0, 0, '2021-08-09 00:19:17', '2021-08-09 00:19:17');
INSERT INTO `t_order` VALUES ('1424405356670844930', '1424405356670844929', '1422493186194370561', '课程标题-有数据', 'https://guli-edu-quan.oss-cn-shenzhen.aliyuncs.com/image/2021/08/03/0df8769e-bea3-4f4f-91f8-110482f76a0b.jpg', '王五', '1423666471548465154', '进击的阿权', '', 10.10, 0, 0, 0, '2021-08-09 00:21:15', '2021-08-09 00:21:15');
INSERT INTO `t_order` VALUES ('1424406089696800769', '1424406089566777345', '1422493186194370561', '课程标题-有数据', 'https://guli-edu-quan.oss-cn-shenzhen.aliyuncs.com/image/2021/08/03/0df8769e-bea3-4f4f-91f8-110482f76a0b.jpg', '王五', '1423666471548465154', '进击的阿权', '', 10.10, 0, 0, 0, '2021-08-09 00:24:10', '2021-08-09 00:24:10');
INSERT INTO `t_order` VALUES ('1424634795400876033', '1424634795287629825', '1422493186194370561', '课程标题-有数据', 'https://guli-edu-quan.oss-cn-shenzhen.aliyuncs.com/image/2021/08/03/0df8769e-bea3-4f4f-91f8-110482f76a0b.jpg', '王五', '1423666471548465154', '进击的阿权', '', 10.10, 1, 0, 0, '2021-08-09 15:32:58', '2021-08-09 15:32:58');
INSERT INTO `t_order` VALUES ('1424635177636188162', '1424635177636188161', '1422493186194370561', '课程标题-有数据', 'https://guli-edu-quan.oss-cn-shenzhen.aliyuncs.com/image/2021/08/03/0df8769e-bea3-4f4f-91f8-110482f76a0b.jpg', '王五', '1423666471548465154', '进击的阿权', '', 10.10, 1, 0, 0, '2021-08-09 15:34:29', '2021-08-09 15:34:29');
INSERT INTO `t_order` VALUES ('1424636888966746114', '1424636888966746113', '1422493186194370561', '课程标题-有数据', 'https://guli-edu-quan.oss-cn-shenzhen.aliyuncs.com/image/2021/08/03/0df8769e-bea3-4f4f-91f8-110482f76a0b.jpg', '王五', '1423666471548465154', '进击的阿权', '', 10.10, 1, 0, 0, '2021-08-09 15:41:17', '2021-08-09 15:41:17');
INSERT INTO `t_order` VALUES ('1424637062866784258', '1424637062866784257', '1422493186194370561', '课程标题-有数据', 'https://guli-edu-quan.oss-cn-shenzhen.aliyuncs.com/image/2021/08/03/0df8769e-bea3-4f4f-91f8-110482f76a0b.jpg', '王五', '1423666471548465154', '进击的阿权', '', 10.10, 1, 0, 0, '2021-08-09 15:41:58', '2021-08-09 15:41:58');
INSERT INTO `t_order` VALUES ('1424637684177317890', '1424637684177317889', '1422493186194370561', '课程标题-有数据', 'https://guli-edu-quan.oss-cn-shenzhen.aliyuncs.com/image/2021/08/03/0df8769e-bea3-4f4f-91f8-110482f76a0b.jpg', '王五', '1423666471548465154', '进击的阿权', '', 10.10, 1, 0, 0, '2021-08-09 15:44:27', '2021-08-09 15:44:27');
INSERT INTO `t_order` VALUES ('1424638044988125186', '1424638044988125185', '1422493186194370561', '课程标题-有数据', 'https://guli-edu-quan.oss-cn-shenzhen.aliyuncs.com/image/2021/08/03/0df8769e-bea3-4f4f-91f8-110482f76a0b.jpg', '王五', '1423666471548465154', '进击的阿权', '', 10.10, 1, 0, 0, '2021-08-09 15:45:53', '2021-08-09 15:45:53');
INSERT INTO `t_order` VALUES ('1424638228644114434', '1424638228644114433', '1422493186194370561', '课程标题-有数据', 'https://guli-edu-quan.oss-cn-shenzhen.aliyuncs.com/image/2021/08/03/0df8769e-bea3-4f4f-91f8-110482f76a0b.jpg', '王五', '1423666471548465154', '进击的阿权', '', 10.10, 1, 0, 0, '2021-08-09 15:46:36', '2021-08-09 15:46:36');
INSERT INTO `t_order` VALUES ('1424638607595286530', '1424638607595286529', '1422493186194370561', '课程标题-有数据', 'https://guli-edu-quan.oss-cn-shenzhen.aliyuncs.com/image/2021/08/03/0df8769e-bea3-4f4f-91f8-110482f76a0b.jpg', '王五', '1423666471548465154', '进击的阿权', '', 10.10, 1, 0, 0, '2021-08-09 15:48:07', '2021-08-09 15:48:07');
INSERT INTO `t_order` VALUES ('1424640583322185731', '1424640583322185730', '1422493186194370561', '课程标题-有数据', 'https://guli-edu-quan.oss-cn-shenzhen.aliyuncs.com/image/2021/08/03/0df8769e-bea3-4f4f-91f8-110482f76a0b.jpg', '王五', '1423666471548465154', '进击的阿权', '', 10.10, 1, 0, 0, '2021-08-09 15:55:58', '2021-08-09 15:55:58');
INSERT INTO `t_order` VALUES ('1424640978949910530', '1424640978949910529', '1291586005811359746', '666', 'http://edu-longyang.oss-cn-beijing.aliyuncs.com/2020/08/06/587d5686663541d986a750be8c9b99b9java.jpg', '王五', '1423666471548465154', '进击的阿权', '', 22.00, 1, 0, 0, '2021-08-09 15:57:32', '2021-08-09 15:57:32');
INSERT INTO `t_order` VALUES ('1424641247699939330', '1424641247699939329', '1291586005811359746', '666', 'http://edu-longyang.oss-cn-beijing.aliyuncs.com/2020/08/06/587d5686663541d986a750be8c9b99b9java.jpg', '王五', '1423666471548465154', '进击的阿权', '', 22.00, 1, 0, 0, '2021-08-09 15:58:36', '2021-08-09 15:58:36');
INSERT INTO `t_order` VALUES ('1424641429342662658', '1424641429275553793', '1422493186194370561', '课程标题-有数据', 'https://guli-edu-quan.oss-cn-shenzhen.aliyuncs.com/image/2021/08/03/0df8769e-bea3-4f4f-91f8-110482f76a0b.jpg', '王五', '1423666471548465154', '进击的阿权', '', 10.10, 1, 0, 0, '2021-08-09 15:59:19', '2021-08-09 15:59:19');
INSERT INTO `t_order` VALUES ('1424642977925836802', '1424642977858727938', '1422493186194370561', '课程标题-有数据', 'https://guli-edu-quan.oss-cn-shenzhen.aliyuncs.com/image/2021/08/03/0df8769e-bea3-4f4f-91f8-110482f76a0b.jpg', '王五', '1423666471548465154', '进击的阿权', '', 10.10, 1, 0, 0, '2021-08-09 16:05:29', '2021-08-09 16:05:29');
INSERT INTO `t_order` VALUES ('1424668842596380673', '1424668842529271809', '1422493186194370561', '课程标题-有数据', 'https://guli-edu-quan.oss-cn-shenzhen.aliyuncs.com/image/2021/08/03/0df8769e-bea3-4f4f-91f8-110482f76a0b.jpg', '王五', '1423666471548465154', '进击的阿权', '', 10.10, 1, 0, 0, '2021-08-09 17:48:15', '2021-08-09 17:48:15');
INSERT INTO `t_order` VALUES ('1424718687436730369', '1424718687289929729', '1422493186194370561', '课程标题-有数据', 'https://guli-edu-quan.oss-cn-shenzhen.aliyuncs.com/image/2021/08/03/0df8769e-bea3-4f4f-91f8-110482f76a0b.jpg', '王五', '1423548479821025282', '中文', '15645640132', 0.01, 1, 1, 0, '2021-08-09 21:06:19', '2021-08-09 21:06:19');
INSERT INTO `t_order` VALUES ('1424898422364110851', '1424898422364110850', '1422493186194370561', '课程标题-有数据', 'https://guli-edu-quan.oss-cn-shenzhen.aliyuncs.com/image/2021/08/03/0df8769e-bea3-4f4f-91f8-110482f76a0b.jpg', '王五', '1423548479821025282', '中文', '15645640132', 0.01, 1, 1, 0, '2021-08-10 09:00:31', '2021-08-10 09:00:31');

-- ----------------------------
-- Table structure for t_pay_log
-- ----------------------------
DROP TABLE IF EXISTS `t_pay_log`;
CREATE TABLE `t_pay_log`  (
  `id` char(19) CHARACTER SET utf8mb4 COLLATE utf8mb4_general_ci NOT NULL DEFAULT '',
  `order_no` varchar(20) CHARACTER SET utf8mb4 COLLATE utf8mb4_general_ci NOT NULL DEFAULT '' COMMENT '订单号',
  `pay_time` datetime NULL DEFAULT NULL COMMENT '支付完成时间',
  `total_fee` decimal(10, 2) NULL DEFAULT 0.01 COMMENT '支付金额（分）',
  `transaction_id` varchar(30) CHARACTER SET utf8mb4 COLLATE utf8mb4_general_ci NULL DEFAULT NULL COMMENT '交易流水号',
  `trade_state` char(20) CHARACTER SET utf8mb4 COLLATE utf8mb4_general_ci NULL DEFAULT NULL COMMENT '交易状态',
  `pay_type` tinyint(3) NOT NULL DEFAULT 0 COMMENT '支付类型（1：微信 2：支付宝）',
  `attr` text CHARACTER SET utf8mb4 COLLATE utf8mb4_general_ci NULL COMMENT '其他属性',
  `is_deleted` tinyint(1) UNSIGNED NOT NULL DEFAULT 0 COMMENT '逻辑删除 1（true）已删除， 0（false）未删除',
  `gmt_create` datetime NOT NULL DEFAULT CURRENT_TIMESTAMP COMMENT '创建时间',
  `gmt_modified` datetime NOT NULL DEFAULT CURRENT_TIMESTAMP ON UPDATE CURRENT_TIMESTAMP COMMENT '更新时间',
  PRIMARY KEY (`id`) USING BTREE,
  UNIQUE INDEX `uk_order_no`(`order_no`) USING BTREE
) ENGINE = InnoDB CHARACTER SET = utf8mb4 COLLATE = utf8mb4_general_ci COMMENT = '支付日志表' ROW_FORMAT = Dynamic;

-- ----------------------------
-- Records of t_pay_log
-- ----------------------------
INSERT INTO `t_pay_log` VALUES ('1295350465545920514', '20200817212244397', '2020-08-17 21:23:12', 0.01, '4200000716202008178616288778', 'SUCCESS', 1, '{\"transaction_id\":\"4200000716202008178616288778\",\"nonce_str\":\"cEyoCjOyeqXliQvT\",\"trade_state\":\"SUCCESS\",\"bank_type\":\"OTHERS\",\"openid\":\"oHwsHuBXPNFFfvVIPO0ziWML1MTc\",\"sign\":\"82FCF003369C7099A273E5326BA66AB9\",\"return_msg\":\"OK\",\"fee_type\":\"CNY\",\"mch_id\":\"1558950191\",\"cash_fee\":\"1\",\"out_trade_no\":\"20200817212244397\",\"cash_fee_type\":\"CNY\",\"appid\":\"wx74862e0dfcf69954\",\"total_fee\":\"1\",\"trade_state_desc\":\"支付成功\",\"trade_type\":\"NATIVE\",\"result_code\":\"SUCCESS\",\"attach\":\"\",\"time_end\":\"20200817212159\",\"is_subscribe\":\"N\",\"return_code\":\"SUCCESS\"}', 0, '2020-08-17 21:23:12', '2020-08-17 21:23:12');
INSERT INTO `t_pay_log` VALUES ('1295351158851768322', '20200817212544565', '2020-08-17 21:25:57', 0.01, '4200000722202008173765395839', 'SUCCESS', 1, '{\"transaction_id\":\"4200000722202008173765395839\",\"nonce_str\":\"o9ZhRL5bAKyH7fob\",\"trade_state\":\"SUCCESS\",\"bank_type\":\"OTHERS\",\"openid\":\"oHwsHuBXPNFFfvVIPO0ziWML1MTc\",\"sign\":\"7DAE26540D60F6751F4C6BDF349CFE63\",\"return_msg\":\"OK\",\"fee_type\":\"CNY\",\"mch_id\":\"1558950191\",\"cash_fee\":\"1\",\"out_trade_no\":\"20200817212544565\",\"cash_fee_type\":\"CNY\",\"appid\":\"wx74862e0dfcf69954\",\"total_fee\":\"1\",\"trade_state_desc\":\"支付成功\",\"trade_type\":\"NATIVE\",\"result_code\":\"SUCCESS\",\"attach\":\"\",\"time_end\":\"20200817212443\",\"is_subscribe\":\"N\",\"return_code\":\"SUCCESS\"}', 0, '2020-08-17 21:25:57', '2020-08-17 21:25:57');
INSERT INTO `t_pay_log` VALUES ('1424718833935380482', '1424718687289929729', '2021-08-09 21:06:55', 0.01, '4200001194202108096113884768', 'SUCCESS', 1, '{\"transaction_id\":\"4200001194202108096113884768\",\"nonce_str\":\"U09EXMVnkKMbfl0o\",\"trade_state\":\"SUCCESS\",\"bank_type\":\"OTHERS\",\"openid\":\"oHwsHuKWeM2SHaDdWH6rViJiaKFo\",\"sign\":\"763C8BE5087DE0D989B7E48036A13222\",\"return_msg\":\"OK\",\"fee_type\":\"CNY\",\"mch_id\":\"1558950191\",\"cash_fee\":\"1\",\"out_trade_no\":\"1424718687289929729\",\"cash_fee_type\":\"CNY\",\"appid\":\"wx74862e0dfcf69954\",\"total_fee\":\"1\",\"trade_state_desc\":\"支付成功\",\"trade_type\":\"NATIVE\",\"result_code\":\"SUCCESS\",\"attach\":\"\",\"time_end\":\"20210809210653\",\"is_subscribe\":\"N\",\"return_code\":\"SUCCESS\"}', 0, '2021-08-09 21:06:54', '2021-08-09 21:06:54');
INSERT INTO `t_pay_log` VALUES ('1424898485131870210', '1424898422364110850', '2021-08-10 09:00:47', 0.01, '4200001183202108105957278879', 'SUCCESS', 1, '{\"transaction_id\":\"4200001183202108105957278879\",\"nonce_str\":\"9dAN1kTmMdQDYy23\",\"trade_state\":\"SUCCESS\",\"bank_type\":\"OTHERS\",\"openid\":\"oHwsHuKWeM2SHaDdWH6rViJiaKFo\",\"sign\":\"D095AFB4C3FD63B18EDAAEA879EF5D54\",\"return_msg\":\"OK\",\"fee_type\":\"CNY\",\"mch_id\":\"1558950191\",\"cash_fee\":\"1\",\"out_trade_no\":\"1424898422364110850\",\"cash_fee_type\":\"CNY\",\"appid\":\"wx74862e0dfcf69954\",\"total_fee\":\"1\",\"trade_state_desc\":\"支付成功\",\"trade_type\":\"NATIVE\",\"result_code\":\"SUCCESS\",\"attach\":\"\",\"time_end\":\"20210810090044\",\"is_subscribe\":\"N\",\"return_code\":\"SUCCESS\"}', 0, '2021-08-10 09:00:46', '2021-08-10 09:00:46');

-- ----------------------------
-- Table structure for ucenter_member
-- ----------------------------
DROP TABLE IF EXISTS `ucenter_member`;
CREATE TABLE `ucenter_member`  (
  `id` char(19) CHARACTER SET utf8mb4 COLLATE utf8mb4_general_ci NOT NULL COMMENT '会员id',
  `openid` varchar(128) CHARACTER SET utf8mb4 COLLATE utf8mb4_general_ci NULL DEFAULT NULL COMMENT '微信openid',
  `mobile` varchar(11) CHARACTER SET utf8mb4 COLLATE utf8mb4_general_ci NULL DEFAULT '' COMMENT '手机号',
  `password` varchar(255) CHARACTER SET utf8mb4 COLLATE utf8mb4_general_ci NULL DEFAULT NULL COMMENT '密码',
  `nickname` varchar(50) CHARACTER SET utf8mb4 COLLATE utf8mb4_general_ci NULL DEFAULT NULL COMMENT '昵称',
  `sex` tinyint(2) UNSIGNED NULL DEFAULT NULL COMMENT '性别 1 女，2 男',
  `age` tinyint(3) UNSIGNED NULL DEFAULT NULL COMMENT '年龄',
  `avatar` varchar(255) CHARACTER SET utf8mb4 COLLATE utf8mb4_general_ci NULL DEFAULT 'https://guli-edu-quan.oss-cn-shenzhen.aliyuncs.com/avatar/alirin.jpeg' COMMENT '用户头像',
  `sign` varchar(100) CHARACTER SET utf8mb4 COLLATE utf8mb4_general_ci NULL DEFAULT NULL COMMENT '用户签名',
  `is_disabled` tinyint(1) NOT NULL DEFAULT 0 COMMENT '是否禁用 1（true）已禁用，  0（false）未禁用',
  `is_deleted` tinyint(1) NOT NULL DEFAULT 0 COMMENT '逻辑删除 1（true）已删除， 0（false）未删除',
  `gmt_create` datetime NOT NULL DEFAULT CURRENT_TIMESTAMP COMMENT '创建时间',
  `gmt_modified` datetime NOT NULL DEFAULT CURRENT_TIMESTAMP ON UPDATE CURRENT_TIMESTAMP COMMENT '更新时间',
  PRIMARY KEY (`id`) USING BTREE
) ENGINE = InnoDB CHARACTER SET = utf8mb4 COLLATE = utf8mb4_general_ci COMMENT = '会员表' ROW_FORMAT = Dynamic;

-- ----------------------------
-- Records of ucenter_member
-- ----------------------------
INSERT INTO `ucenter_member` VALUES ('1423548479821025282', NULL, '15645640132', 'be4ffe1eb7a33f91ac763c004d66e86d', 'Akarin', NULL, NULL, 'https://guli-edu-quan.oss-cn-shenzhen.aliyuncs.com/avatar/alirin.jpeg', NULL, 0, 0, '2021-08-06 15:36:20', '2021-08-14 14:51:43');
INSERT INTO `ucenter_member` VALUES ('1423666471548465154', 'o3_SC5_OXbXxNpSUO6TQSLVTZPLk', '', NULL, '进击的阿权', 0, NULL, 'https://thirdwx.qlogo.cn/mmopen/vi_32/NMhJ4o1LuT5abgic2LnoZ1JJHkdIia1HzwbrYeKibT5Dau9icKxfXr9R6KXMrNsKCPS1o7UZolkQCiaDhKTS3eknZPg/132', NULL, 0, 0, '2021-08-06 23:25:11', '2021-08-06 23:25:11');

SET FOREIGN_KEY_CHECKS = 1;
